Workbook

Sheet Tickers
A1: Census M3 Table 2 - Industry별 FRED 티커
A2: Table 2: Value of Manufacturers' New Orders for Industry Groups (M3 Full Report). SA = Seasonally Adjusted, NSA = Not Seasonally Adjusted.
A4: Industry | B4: Level | C4: FRED Ticker (SA) | D4: FRED Ticker (NSA) | E4: FRED Title | F4: Units | G4: Latest Month | H4: Latest Value (SA) | I4: FRED Last Updated | J4: FRED URL (SA)
A5: All manufacturing industries | B5: 0 | C5: AMTMNO | D5: UMTMNO | E5: Manufacturers' New Orders: Total Manufacturing | F5: Millions of Dollars | G5: 2026-08 | H5: 663491 | I5: 2026-10-02 09:06:32-05 | J5: https://fred.stlouisfed.org/series/AMTMNO
A6: Excluding transportation | B6: 1 | C6: AMXTNO | D6: UMXTNO | E6: Manufacturers' New Orders: Manufacturing Excluding Transportation | F6: Millions of Dollars | G6: 2026-08 | H6: 549397 | I6: 2026-10-02 09:07:02-05 | J6: https://fred.stlouisfed.org/series/AMXTNO
A7: Excluding defense | B7: 1 | C7: AMXDNO | D7: UMXDNO | E7: Manufacturers' New Orders: Manufacturing Excluding Defense | F7: Millions of Dollars | G7: 2026-08 | H7: 638252 | I7: 2026-10-02 09:07:00-05 | J7: https://fred.stlouisfed.org/series/AMXDNO
A8: With unfilled orders | B8: 1 | C8: AMTUNO | D8: UMTUNO | E8: Manufacturers' New Orders: Manufacturing with Unfilled Orders | F8: Millions of Dollars | G8: 2026-09 | H8: 250863 | I8: 2026-10-27 07:33:33-05 | J8: https://fred.stlouisfed.org/series/AMTUNO
A9: Durable goods industries | B9: 0 | C9: DGORDER | D9: UMDMNO | E9: Manufacturers' New Orders: Durable Goods | F9: Millions of Dollars | G9: 2026-09 | H9: 345371 | I9: 2026-10-27 07:33:50-05 | J9: https://fred.stlouisfed.org/series/DGORDER
A10: Primary metals | B10: 1 | C10: A31SNO | D10: U31SNO | E10: Manufacturers' New Orders: Primary Metals | F10: Millions of Dollars | G10: 2026-09 | H10: 33010 | I10: 2026-10-27 07:33:25-05 | J10: https://fred.stlouisfed.org/series/A31SNO
A11: Iron and steel mills | B11: 2 | C11: A31ANO | D11: U31ANO | E11: Manufacturers' New Orders: Iron and Steel Mills and Ferroalloy and Steel Product Manufacturing | F11: Millions of Dollars | G11: 2026-08 | H11: 17466 | I11: 2026-10-02 09:06:35-05 | J11: https://fred.stlouisfed.org/series/A31ANO
A12: Aluminum and nonferrous metals | B12: 2 | C12: AANMNO | D12: UANMNO | E12: Manufacturers' New Orders: Aluminum and Nonferrous Metal Products | F12: Millions of Dollars | G12: 2026-08 | H12: 12861 | I12: 2026-10-02 09:06:46-05 | J12: https://fred.stlouisfed.org/series/AANMNO
A13: Ferrous metal foundries | B13: 2 | C13: A31CNO | D13: U31CNO | E13: Manufacturers' New Orders: Ferrous Metal Foundries | F13: Millions of Dollars | G13: 2026-08 | H13: 2277 | I13: 2026-10-02 09:06:39-05 | J13: https://fred.stlouisfed.org/series/A31CNO
A14: Fabricated metal products | B14: 1 | C14: A32SNO | D14: U32SNO | E14: Manufacturers' New Orders: Fabricated Metal Products | F14: Millions of Dollars | G14: 2026-09 | H14: 45159 | I14: 2026-10-27 07:33:28-05 | J14: https://fred.stlouisfed.org/series/A32SNO
A15: Machinery | B15: 1 | C15: A33SNO | D15: U33SNO | E15: Manufacturers' New Orders: Machinery | F15: Millions of Dollars | G15: 2026-09 | H15: 45977 | I15: 2026-10-27 07:33:29-05 | J15: https://fred.stlouisfed.org/series/A33SNO
A16: Construction machinery | B16: 2 | C16: A33CNO | D16: U33CNO | E16: Manufacturers' New Orders: Construction Machinery Manufacturing | F16: Millions of Dollars | G16: 2026-08 | H16: 5017 | I16: 2026-10-02 09:06:05-05 | J16: https://fred.stlouisfed.org/series/A33CNO
... A42: Nondurable goods industries | B42: 0 | C42: AMNMNO | D42: UMNMNO | E42: Manufacturers' New Orders: Nondurable Goods | F42: Millions of Dollars | G42: 2026-08 | H42: 325033 | I42: 2026-10-02 09:06:16-05 | J42: https://fred.stlouisfed.org/series/AMNMNO

Sheet 변동률
A1: Value of Manufacturers' New Orders for Industry Groups - Seasonally Adjusted, Monthly Percent Change
A2: 기준 선택 (MoM / YoY) ▶ | B2: MoM | C2: =IF($B$2="YoY","전년 동월 대비 변동률 (%)","전월 대비 변동률 (%)") -> 전월 대비 변동률 (%)
A3: Source: FRED (U.S. Census Bureau M3 Survey) via fred DB. 원계열은 Level_SA 시트. Computers and electronic products 등은 Census 기준대로 반도체 제외.
A4: Industry | B4: Ticker (SA) | C4: 2026-09 | D4: 2026-08 | E4: 2026-07 | F4: 2026-06 | G4: 2026-05 | H4: 2026-04 | I4: 2026-03 | J4: 2026-02 | K4: 2026-01 | L4: 2025-12 | M4: 2025-11 | N4: 2025-10 | O4: 2025-09 | P4: 2025-08 | Q4: 2025-07 | R4: 2025-06 | S4: 2025-05 | T4: 2025-04 | U4: 2025-03 | V4: 2025-02 | W4: 2025-01 | X4: 2024-12 | Y4: 2024-11 | Z4: 2024-10 | AA4: 2024-09 | AB4: 2024-08 | AC4: 2024-07 | AD4: 2024-06 | AE4: 2024-05 | AF4: 2024-04 | AG4: 2024-03 | AH4: 2024-02 | AI4: 2024-01 | AJ4: 2023-12 | AK4: 2023-11 | AL4: 2023-10 | AM4: 2023-09 | AN4: 2023-08 | AO4: 2023-07 | AP4: 2023-06 | AQ4: 2023-05 | AR4: 2023-04 | AS4: 2023-03 | AT4: 2023-02 | AU4: 2023-01 | AV4: 2022-12 | AW4: 2022-11 | AX4: 2022-10 | AY4: 2022-09 | AZ4: 2022-08 | BA4: 2022-07 | BB4: 2022-06 | BC4: 2022-05 | BD4: 2022-04 | BE4: 2022-03 | BF4: 2022-02 | BG4: 2022-01 | BH4: 2021-12 | BI4: 2021-11 | BJ4: 2021-10 | BK4: 2021-09 | BL4: 2021-08 | BM4: 2021-07 | BN4: 2021-06 | BO4: 2021-05 | BP4: 2021-04 | BQ4: 2021-03 | BR4: 2021-02 | BS4: 2021-01 | BT4: 2020-12 | BU4: 2020-11 | BV4: 2020-10 | BW4: 2020-09 | BX4: 2020-08 | BY4: 2020-07 | BZ4: 2020-06 | CA4: 2020-05 | CB4: 2020-04 | CC4: 2020-03 | CD4: 2020-02 | CE4: 2020-01 | CF4: 2019-12 | CG4: 2019-11 | CH4: 2019-10 | CI4: 2019-09 | CJ4: 2019-08 | CK4: 2019-07 | CL4: 2019-06 | CM4: 2019-05 | CN4: 2019-04 | CO4: 2019-03 | CP4: 2019-02 | CQ4: 2019-01 | CR4: 2018-12 | CS4: 2018-11 | CT4: 2018-10 | CU4: 2018-09 | CV4: 2018-08 | CW4: 2018-07 | CX4: 2018-06 | CY4: 2018-05 | CZ4: 2018-04 | DA4: 2018-03 | DB4: 2018-02 | DC4: 2018-01 | DD4: 2017-12 | DE4: 2017-11 | DF4: 2017-10 | DG4: 2017-09 | DH4: 2017-08 | DI4: 2017-07 | DJ4: 2017-06 | DK4: 2017-05 | DL4: 2017-04 | DM4: 2017-03 | DN4: 2017-02 | DO4: 2017-01 | DP4: 2016-12 | DQ4: 2016-11 | DR4: 2016-10 | DS4: 2016-09 | DT4: 2016-08 | DU4: 2016-07 | DV4: 2016-06 | DW4: 2016-05 | DX4: 2016-04 | DY4: 2016-03 | DZ4: 2016-02 | EA4: 2016-01 | EB4: 2015-12 | EC4: 2015-11 | ED4: 2015-10 | EE4: 2015-09 | EF4: 2015-08 | EG4: 2015-07 | EH4: 2015-06 | EI4: 2015-05 | EJ4: 2015-04 | EK4: 2015-03 | EL4: 2015-02 | EM4: 2015-01 | EN4: 2014-12 | EO4: 2014-11 | EP4: 2014-10 | EQ4: 2014-09 | ER4: 2014-08 | ES4: 2014-07 | ET4: 2014-06 | EU4: 2014-05 | EV4: 2014-04 | EW4: 2014-03 | EX4: 2014-02 | EY4: 2014-01 | EZ4: 2013-12 | FA4: 2013-11 | FB4: 2013-10 | FC4: 2013-09 | FD4: 2013-08 | FE4: 2013-07 | FF4: 2013-06 | FG4: 2013-05 | FH4: 2013-04 | FI4: 2013-03 | FJ4: 2013-02 | FK4: 2013-01 | FL4: 2012-12 | FM4: 2012-11 | FN4: 2012-10 | FO4: 2012-09 | FP4: 2012-08 | FQ4: 2012-07 | FR4: 2012-06 | FS4: 2012-05 | FT4: 2012-04 | FU4: 2012-03 | FV4: 2012-02 | FW4: 2012-01 | FX4: 2011-12 | FY4: 2011-11 | FZ4: 2011-10 | GA4: 2011-09 | GB4: 2011-08 | GC4: 2011-07 | GD4: 2011-06 | GE4: 2011-05 | GF4: 2011-04 | GG4: 2011-03 | GH4: 2011-02 | GI4: 2011-01 | GJ4: 2010-12 | GK4: 2010-11 | GL4: 2010-10 | GM4: 2010-09 | GN4: 2010-08 | GO4: 2010-07 | GP4: 2010-06 | GQ4: 2010-05 | GR4: 2010-04 | GS4: 2010-03 | GT4: 2010-02 | GU4: 2010-01 | GV4: 2009-12 | GW4: 2009-11 | GX4: 2009-10 | GY4: 2009-09 | GZ4: 2009-08 | HA4: 2009-07 | HB4: 2009-06 | HC4: 2009-05 | HD4: 2009-04 | HE4: 2009-03 | HF4: 2009-02 | HG4: 2009-01 | HH4: 2008-12 | HI4: 2008-11 | HJ4: 2008-10 | HK4: 2008-09 | HL4: 2008-08 | HM4: 2008-07 | HN4: 2008-06 | HO4: 2008-05 | HP4: 2008-04 | HQ4: 2008-03 | HR4: 2008-02 | HS4: 2008-01 | HT4: 2007-12 | HU4: 2007-11 | HV4: 2007-10 | HW4: 2007-09 | HX4: 2007-08 | HY4: 2007-07 | HZ4: 2007-06 | IA4: 2007-05 | IB4: 2007-04 | IC4: 2007-03 | ID4: 2007-02 | IE4: 2007-01 | IF4: 2006-12 | IG4: 2006-11 | IH4: 2006-10 | II4: 2006-09 | IJ4: 2006-08 | IK4: 2006-07 | IL4: 2006-06 | IM4: 2006-05 | IN4: 2006-04 | IO4: 2006-03 | IP4: 2006-02 | IQ4: 2006-01 | IR4: 2005-12 | IS4: 2005-11 | IT4: 2005-10 | IU4: 2005-09 | IV4: 2005-08 | IW4: 2005-07 | IX4: 2005-06 | IY4: 2005-05 | IZ4: 2005-04 | JA4: 2005-03 | JB4: 2005-02 | JC4: 2005-01 | JD4: 2004-12 | JE4: 2004-11 | JF4: 2004-10 | JG4: 2004-09 | JH4: 2004-08 | JI4: 2004-07 | JJ4: 2004-06 | JK4: 2004-05 | JL4: 2004-04 | JM4: 2004-03 | JN4: 2004-02 | JO4: 2004-01 | JP4: 2003-12 | JQ4: 2003-11 | JR4: 2003-10 | JS4: 2003-09 | JT4: 2003-08 | JU4: 2003-07 | JV4: 2003-06 | JW4: 2003-05 | JX4: 2003-04 | JY4: 2003-03 | JZ4: 2003-02 | KA4: 2003-01 | KB4: 2002-12 | KC4: 2002-11 | KD4: 2002-10 | KE4: 2002-09 | KF4: 2002-08 | KG4: 2002-07 | KH4: 2002-06 | KI4: 2002-05 | KJ4: 2002-04 | KK4: 2002-03 | KL4: 2002-02 | KM4: 2002-01 | KN4: 2001-12 | KO4: 2001-11 | KP4: 2001-10 | KQ4: 2001-09 | KR4: 2001-08 | KS4: 2001-07 | KT4: 2001-06 | KU4: 2001-05 | KV4: 2001-04 | KW4: 2001-03 | KX4: 2001-02 | KY4: 2001-01 | KZ4: 2000-12 | LA4: 2000-11 | LB4: 2000-10 | LC4: 2000-09 | LD4: 2000-08 | LE4: 2000-07 | LF4: 2000-06 | LG4: 2000-05 | LH4: 2000-04 | LI4: 2000-03 | LJ4: 2000-02 | LK4: 2000-01 | LL4: 1999-12 | LM4: 1999-11 | LN4: 1999-10 | LO4: 1999-09 | LP4: 1999-08 | LQ4: 1999-07 | LR4: 1999-06 | LS4: 1999-05 | LT4: 1999-04 | LU4: 1999-03 | LV4: 1999-02 | LW4: 1999-01 | LX4: 1998-12 | LY4: 1998-11 | LZ4: 1998-10 | MA4: 1998-09 | MB4: 1998-08 | MC4: 1998-07 | MD4: 1998-06 | ME4: 1998-05 | MF4: 1998-04 | MG4: 1998-03 | MH4: 1998-02 | MI4: 1998-01 | MJ4: 1997-12 | MK4: 1997-11 | ML4: 1997-10 | MM4: 1997-09 | MN4: 1997-08 | MO4: 1997-07 | MP4: 1997-06 | MQ4: 1997-05 | MR4: 1997-04 | MS4: 1997-03 | MT4: 1997-02 | MU4: 1997-01 | MV4: 1996-12 | MW4: 1996-11 | MX4: 1996-10 | MY4: 1996-09 | MZ4: 1996-08 | NA4: 1996-07 | NB4: 1996-06 | NC4: 1996-05 | ND4: 1996-04 | NE4: 1996-03 | NF4: 1996-02 | NG4: 1996-01 | NH4: 1995-12 | NI4: 1995-11 | NJ4: 1995-10 | NK4: 1995-09 | NL4: 1995-08 | NM4: 1995-07 | NN4: 1995-06 | NO4: 1995-05 | NP4: 1995-04 | NQ4: 1995-03 | NR4: 1995-02 | NS4: 1995-01 | NT4: 1994-12 | NU4: 1994-11 | NV4: 1994-10 | NW4: 1994-09 | NX4: 1994-08 | NY4: 1994-07 | NZ4: 1994-06 | OA4: 1994-05 | OB4: 1994-04 | OC4: 1994-03 | OD4: 1994-02 | OE4: 1994-01 | OF4: 1993-12 | OG4: 1993-11 | OH4: 1993-10 | OI4: 1993-09 | OJ4: 1993-08 | OK4: 1993-07 | OL4: 1993-06 | OM4: 1993-05 | ON4: 1993-04 | OO4: 1993-03 | OP4: 1993-02 | OQ4: 1993-01 | OR4: 1992-12 | OS4: 1992-11 | OT4: 1992-10 | OU4: 1992-09 | OV4: 1992-08 | OW4: 1992-07 | OX4: 1992-06 | OY4: 1992-05 | OZ4: 1992-04 | PA4: 1992-03 | PB4: 1992-02 | PC4: 1992-01
A5: All manufacturing industries | B5: AMTMNO | C5: =IF($B$2="YoY",IF(OR(Level_SA!C5="",Level_SA!O5="",Level_SA!O5=0),"",Level_SA!C5/Level_SA!O5-1),IF(OR(Level_SA!C5="",Level_SA!D5="",Level_SA!D5=0),"",Level_SA!C5/Level_SA!D5-1)) | D5: =IF($B$2="YoY",IF(OR(Level_SA!D5="",Level_SA!P5="",Level_SA!P5=0),"",Level_SA!D5/Level_SA!P5-1),IF(OR(Level_SA!D5="",Level_SA!E5="",Level_SA!E5=0),"",Level_SA!D5/Level_SA!E5-1)) -> 0.00098666791 | E5: =IF($B$2="YoY",IF(OR(Level_SA!E5="",Level_SA!Q5="",Level_SA!Q5=0),"",Level_SA!E5/Level_SA!Q5-1),IF(OR(Level_SA!E5="",Level_SA!F5="",Level_SA!F5=0),"",Level_SA!E5/Level_SA!F5-1)) -> 0.0076726615 | F5: =IF($B$2="YoY",IF(OR(Level_SA!F5="",Level_SA!R5="",Level_SA!R5=0),"",Level_SA!F5/Level_SA!R5-1),IF(OR(Level_SA!F5="",Level_SA!G5="",Level_SA!G5=0),"",Level_SA!F5/Level_SA!G5-1)) -> -0.0015876485 | G5: =IF($B$2="YoY",IF(OR(Level_SA!G5="",Level_SA!S5="",Level_SA!S5=0),"",Level_SA!G5/Level_SA!S5-1),IF(OR(Level_SA!G5="",Level_SA!H5="",Level_SA!H5=0),"",Level_SA!G5/Level_SA!H5-1)) -> -0.01060077 | H5: =IF($B$2="YoY",IF(OR(Level_SA!H5="",Level_SA!T5="",Level_SA!T5=0),"",Level_SA!H5/Level_SA!T5-1),IF(OR(Level_SA!H5="",Level_SA!I5="",Level_SA!I5=0),"",Level_SA!H5/Level_SA!I5-1)) -> 0.052548803 | I5: =IF($B$2="YoY",IF(OR(Level_SA!I5="",Level_SA!U5="",Level_SA!U5=0),"",Level_SA!I5/Level_SA!U5-1),IF(OR(Level_SA!I5="",Level_SA!J5="",Level_SA!J5=0),"",Level_SA!I5/Level_SA!J5-1)) -> 0.018261592 | J5: =IF($B$2="YoY",IF(OR(Level_SA!J5="",Level_SA!V5="",Level_SA!V5=0),"",Level_SA!J5/Level_SA!V5-1),IF(OR(Level_SA!J5="",Level_SA!K5="",Level_SA!K5=0),"",Level_SA!J5/Level_SA!K5-1)) -> 0.0031516811 | ... OQ5: =IF($B$2="YoY",IF(OR(Level_SA!OQ5="",Level_SA!PC5="",Level_SA!PC5=0),"",Level_SA!OQ5/Level_SA!PC5-1),IF(OR(Level_SA!OQ5="",Level_SA!OR5="",Level_SA!OR5=0),"",Level_SA!OQ5/Level_SA!OR5-1)) -> -0.017401596 | OR5: =IF($B$2="YoY","",IF(OR(Level_SA!OR5="",Level_SA!OS5="",Level_SA!OS5=0),"",Level_SA!OR5/Level_SA!OS5-1)) -> 0.016176556 | OS5: =IF($B$2="YoY","",IF(OR(Level_SA!OS5="",Level_SA!OT5="",Level_SA!OT5=0),"",Level_SA!OS5/Level_SA!OT5-1)) -> -0.010366429 | OT5: =IF($B$2="YoY","",IF(OR(Level_SA!OT5="",Level_SA!OU5="",Level_SA!OU5=0),"",Level_SA!OT5/Level_SA!OU5-1)) -> 0.015691147 | OU5: =IF($B$2="YoY","",IF(OR(Level_SA!OU5="",Level_SA!OV5="",Level_SA!OV5=0),"",Level_SA!OU5/Level_SA!OV5-1)) -> 0.014509852 | OV5: =IF($B$2="YoY","",IF(OR(Level_SA!OV5="",Level_SA!OW5="",Level_SA!OW5=0),"",Level_SA!OV5/Level_SA!OW5-1)) -> -0.012472287 | OW5: =IF($B$2="YoY","",IF(OR(Level_SA!OW5="",Level_SA!OX5="",Level_SA!OX5=0),"",Level_SA!OW5/Level_SA!OX5-1)) -> -0.0085223967 | OX5: =IF($B$2="YoY","",IF(OR(Level_SA!OX5="",Level_SA!OY5="",Level_SA!OY5=0),"",Level_SA!OX5/Level_SA!OY5-1)) -> -0.0051918848 | OY5: =IF($B$2="YoY","",IF(OR(Level_SA!OY5="",Level_SA!OZ5="",Level_SA!OZ5=0),"",Level_SA!OY5/Level_SA!OZ5-1)) -> 0.015715467 | ... PB5: =IF($B$2="YoY","",IF(OR(Level_SA!PB5="",Level_SA!PC5="",Level_SA!PC5=0),"",Level_SA!PB5/Level_SA!PC5-1)) | PC5: =IF($B$2="YoY","","")
A6: Excluding transportation | B6: AMXTNO | C6: =IF($B$2="YoY",IF(OR(Level_SA!C6="",Level_SA!O6="",Level_SA!O6=0),"",Level_SA!C6/Level_SA!O6-1),IF(OR(Level_SA!C6="",Level_SA!D6="",Level_SA!D6=0),"",Level_SA!C6/Level_SA!D6-1)) | D6: =IF($B$2="YoY",IF(OR(Level_SA!D6="",Level_SA!P6="",Level_SA!P6=0),"",Level_SA!D6/Level_SA!P6-1),IF(OR(Level_SA!D6="",Level_SA!E6="",Level_SA!E6=0),"",Level_SA!D6/Level_SA!E6-1)) -> 0.0026407519 | E6: =IF($B$2="YoY",IF(OR(Level_SA!E6="",Level_SA!Q6="",Level_SA!Q6=0),"",Level_SA!E6/Level_SA!Q6-1),IF(OR(Level_SA!E6="",Level_SA!F6="",Level_SA!F6=0),"",Level_SA!E6/Level_SA!F6-1)) -> 0.0068223954 | F6: =IF($B$2="YoY",IF(OR(Level_SA!F6="",Level_SA!R6="",Level_SA!R6=0),"",Level_SA!F6/Level_SA!R6-1),IF(OR(Level_SA!F6="",Level_SA!G6="",Level_SA!G6=0),"",Level_SA!F6/Level_SA!G6-1)) -> -0.00089219658 | G6: =IF($B$2="YoY",IF(OR(Level_SA!G6="",Level_SA!S6="",Level_SA!S6=0),"",Level_SA!G6/Level_SA!S6-1),IF(OR(Level_SA!G6="",Level_SA!H6="",Level_SA!H6=0),"",Level_SA!G6/Level_SA!H6-1)) -> 0.020132104 | H6: =IF($B$2="YoY",IF(OR(Level_SA!H6="",Level_SA!T6="",Level_SA!T6=0),"",Level_SA!H6/Level_SA!T6-1),IF(OR(Level_SA!H6="",Level_SA!I6="",Level_SA!I6=0),"",Level_SA!H6/Level_SA!I6-1)) -> 0.017322022 | I6: =IF($B$2="YoY",IF(OR(Level_SA!I6="",Level_SA!U6="",Level_SA!U6=0),"",Level_SA!I6/Level_SA!U6-1),IF(OR(Level_SA!I6="",Level_SA!J6="",Level_SA!J6=0),"",Level_SA!I6/Level_SA!J6-1)) -> 0.018393445 | J6: =IF($B$2="YoY",IF(OR(Level_SA!J6="",Level_SA!V6="",Level_SA!V6=0),"",Level_SA!J6/Level_SA!V6-1),IF(OR(Level_SA!J6="",Level_SA!K6="",Level_SA!K6=0),"",Level_SA!J6/Level_SA!K6-1)) -> 0.016339489 | ... OQ6: =IF($B$2="YoY",IF(OR(Level_SA!OQ6="",Level_SA!PC6="",Level_SA!PC6=0),"",Level_SA!OQ6/Level_SA!PC6-1),IF(OR(Level_SA!OQ6="",Level_SA!OR6="",Level_SA!OR6=0),"",Level_SA!OQ6/Level_SA!OR6-1)) -> -0.00043446709 | OR6: =IF($B$2="YoY","",IF(OR(Level_SA!OR6="",Level_SA!OS6="",Level_SA!OS6=0),"",Level_SA!OR6/Level_SA!OS6-1)) -> 0.0098501029 | OS6: =IF($B$2="YoY","",IF(OR(Level_SA!OS6="",Level_SA!OT6="",Level_SA!OT6=0),"",Level_SA!OS6/Level_SA!OT6-1)) -> 0.024368441 | OT6: =IF($B$2="YoY","",IF(OR(Level_SA!OT6="",Level_SA!OU6="",Level_SA!OU6=0),"",Level_SA!OT6/Level_SA!OU6-1)) -> -0.021963849 | OU6: =IF($B$2="YoY","",IF(OR(Level_SA!OU6="",Level_SA!OV6="",Level_SA!OV6=0),"",Level_SA!OU6/Level_SA!OV6-1)) -> 0.021226427 | OV6: =IF($B$2="YoY","",IF(OR(Level_SA!OV6="",Level_SA!OW6="",Level_SA!OW6=0),"",Level_SA!OV6/Level_SA!OW6-1)) -> -0.0050405898 | OW6: =IF($B$2="YoY","",IF(OR(Level_SA!OW6="",Level_SA!OX6="",Level_SA!OX6=0),"",Level_SA!OW6/Level_SA!OX6-1)) -> -0.011157757 | OX6: =IF($B$2="YoY","",IF(OR(Level_SA!OX6="",Level_SA!OY6="",Level_SA!OY6=0),"",Level_SA!OX6/Level_SA!OY6-1)) -> 0.0078802939 | OY6: =IF($B$2="YoY","",IF(OR(Level_SA!OY6="",Level_SA!OZ6="",Level_SA!OZ6=0),"",Level_SA!OY6/Level_SA!OZ6-1)) -> 0.020603374 | ... PB6: =IF($B$2="YoY","",IF(OR(Level_SA!PB6="",Level_SA!PC6="",Level_SA!PC6=0),"",Level_SA!PB6/Level_SA!PC6-1)) | PC6: =IF($B$2="YoY","","")
A7: Excluding defense | B7: AMXDNO | C7: =IF($B$2="YoY",IF(OR(Level_SA!C7="",Level_SA!O7="",Level_SA!O7=0),"",Level_SA!C7/Level_SA!O7-1),IF(OR(Level_SA!C7="",Level_SA!D7="",Level_SA!D7=0),"",Level_SA!C7/Level_SA!D7-1)) | D7: =IF($B$2="YoY",IF(OR(Level_SA!D7="",Level_SA!P7="",Level_SA!P7=0),"",Level_SA!D7/Level_SA!P7-1),IF(OR(Level_SA!D7="",Level_SA!E7="",Level_SA!E7=0),"",Level_SA!D7/Level_SA!E7-1)) -> 0.0013665296 | E7: =IF($B$2="YoY",IF(OR(Level_SA!E7="",Level_SA!Q7="",Level_SA!Q7=0),"",Level_SA!E7/Level_SA!Q7-1),IF(OR(Level_SA!E7="",Level_SA!F7="",Level_SA!F7=0),"",Level_SA!E7/Level_SA!F7-1)) -> 0.010355902 | F7: =IF($B$2="YoY",IF(OR(Level_SA!F7="",Level_SA!R7="",Level_SA!R7=0),"",Level_SA!F7/Level_SA!R7-1),IF(OR(Level_SA!F7="",Level_SA!G7="",Level_SA!G7=0),"",Level_SA!F7/Level_SA!G7-1)) -> -0.0029933211 | G7: =IF($B$2="YoY",IF(OR(Level_SA!G7="",Level_SA!S7="",Level_SA!S7=0),"",Level_SA!G7/Level_SA!S7-1),IF(OR(Level_SA!G7="",Level_SA!H7="",Level_SA!H7=0),"",Level_SA!G7/Level_SA!H7-1)) -> -0.010685204 | H7: =IF($B$2="YoY",IF(OR(Level_SA!H7="",Level_SA!T7="",Level_SA!T7=0),"",Level_SA!H7/Level_SA!T7-1),IF(OR(Level_SA!H7="",Level_SA!I7="",Level_SA!I7=0),"",Level_SA!H7/Level_SA!I7-1)) -> 0.051073299 | I7: =IF($B$2="YoY",IF(OR(Level_SA!I7="",Level_SA!U7="",Level_SA!U7=0),"",Level_SA!I7/Level_SA!U7-1),IF(OR(Level_SA!I7="",Level_SA!J7="",Level_SA!J7=0),"",Level_SA!I7/Level_SA!J7-1)) -> 0.010443218 | J7: =IF($B$2="YoY",IF(OR(Level_SA!J7="",Level_SA!V7="",Level_SA!V7=0),"",Level_SA!J7/Level_SA!V7-1),IF(OR(Level_SA!J7="",Level_SA!K7="",Level_SA!K7=0),"",Level_SA!J7/Level_SA!K7-1)) -> 0.0033605913 | ... OQ7: =IF($B$2="YoY",IF(OR(Level_SA!OQ7="",Level_SA!PC7="",Level_SA!PC7=0),"",Level_SA!OQ7/Level_SA!PC7-1),IF(OR(Level_SA!OQ7="",Level_SA!OR7="",Level_SA!OR7=0),"",Level_SA!OQ7/Level_SA!OR7-1)) -> -0.0080281601 | OR7: =IF($B$2="YoY","",IF(OR(Level_SA!OR7="",Level_SA!OS7="",Level_SA!OS7=0),"",Level_SA!OR7/Level_SA!OS7-1)) -> 0.01623511 | OS7: =IF($B$2="YoY","",IF(OR(Level_SA!OS7="",Level_SA!OT7="",Level_SA!OT7=0),"",Level_SA!OS7/Level_SA!OT7-1)) -> 0.0038505135 | OT7: =IF($B$2="YoY","",IF(OR(Level_SA!OT7="",Level_SA!OU7="",Level_SA!OU7=0),"",Level_SA!OT7/Level_SA!OU7-1)) -> -0.0052719237 | OU7: =IF($B$2="YoY","",IF(OR(Level_SA!OU7="",Level_SA!OV7="",Level_SA!OV7=0),"",Level_SA!OU7/Level_SA!OV7-1)) -> 0.011302804 | OV7: =IF($B$2="YoY","",IF(OR(Level_SA!OV7="",Level_SA!OW7="",Level_SA!OW7=0),"",Level_SA!OV7/Level_SA!OW7-1)) -> -0.012727304 | OW7: =IF($B$2="YoY","",IF(OR(Level_SA!OW7="",Level_SA!OX7="",Level_SA!OX7=0),"",Level_SA!OW7/Level_SA!OX7-1)) -> -0.0041762229 | OX7: =IF($B$2="YoY","",IF(OR(Level_SA!OX7="",Level_SA!OY7="",Level_SA!OY7=0),"",Level_SA!OX7/Level_SA!OY7-1)) -> 2.1395042e-05 | OY7: =IF($B$2="YoY","",IF(OR(Level_SA!OY7="",Level_SA!OZ7="",Level_SA!OZ7=0),"",Level_SA!OY7/Level_SA!OZ7-1)) -> 0.017418523 | ... PB7: =IF($B$2="YoY","",IF(OR(Level_SA!PB7="",Level_SA!PC7="",Level_SA!PC7=0),"",Level_SA!PB7/Level_SA!PC7-1)) | PC7: =IF($B$2="YoY","","")
A8: With unfilled orders | B8: AMTUNO | C8: =IF($B$2="YoY",IF(OR(Level_SA!C8="",Level_SA!O8="",Level_SA!O8=0),"",Level_SA!C8/Level_SA!O8-1),IF(OR(Level_SA!C8="",Level_SA!D8="",Level_SA!D8=0),"",Level_SA!C8/Level_SA!D8-1)) -> 0.024014205 | D8: =IF($B$2="YoY",IF(OR(Level_SA!D8="",Level_SA!P8="",Level_SA!P8=0),"",Level_SA!D8/Level_SA!P8-1),IF(OR(Level_SA!D8="",Level_SA!E8="",Level_SA!E8=0),"",Level_SA!D8/Level_SA!E8-1)) -> 0.00369554 | E8: =IF($B$2="YoY",IF(OR(Level_SA!E8="",Level_SA!Q8="",Level_SA!Q8=0),"",Level_SA!E8/Level_SA!Q8-1),IF(OR(Level_SA!E8="",Level_SA!F8="",Level_SA!F8=0),"",Level_SA!E8/Level_SA!F8-1)) -> 0.0091747671 | F8: =IF($B$2="YoY",IF(OR(Level_SA!F8="",Level_SA!R8="",Level_SA!R8=0),"",Level_SA!F8/Level_SA!R8-1),IF(OR(Level_SA!F8="",Level_SA!G8="",Level_SA!G8=0),"",Level_SA!F8/Level_SA!G8-1)) -> 0.0090870782 | G8: =IF($B$2="YoY",IF(OR(Level_SA!G8="",Level_SA!S8="",Level_SA!S8=0),"",Level_SA!G8/Level_SA!S8-1),IF(OR(Level_SA!G8="",Level_SA!H8="",Level_SA!H8=0),"",Level_SA!G8/Level_SA!H8-1)) -> -0.056667414 | H8: =IF($B$2="YoY",IF(OR(Level_SA!H8="",Level_SA!T8="",Level_SA!T8=0),"",Level_SA!H8/Level_SA!T8-1),IF(OR(Level_SA!H8="",Level_SA!I8="",Level_SA!I8=0),"",Level_SA!H8/Level_SA!I8-1)) -> 0.11840391 | I8: =IF($B$2="YoY",IF(OR(Level_SA!I8="",Level_SA!U8="",Level_SA!U8=0),"",Level_SA!I8/Level_SA!U8-1),IF(OR(Level_SA!I8="",Level_SA!J8="",Level_SA!J8=0),"",Level_SA!I8/Level_SA!J8-1)) -> 0.015025668 | J8: =IF($B$2="YoY",IF(OR(Level_SA!J8="",Level_SA!V8="",Level_SA!V8=0),"",Level_SA!J8/Level_SA!V8-1),IF(OR(Level_SA!J8="",Level_SA!K8="",Level_SA!K8=0),"",Level_SA!J8/Level_SA!K8-1)) -> -0.026425452 | ... OQ8: =IF($B$2="YoY",IF(OR(Level_SA!OQ8="",Level_SA!PC8="",Level_SA!PC8=0),"",Level_SA!OQ8/Level_SA!PC8-1),IF(OR(Level_SA!OQ8="",Level_SA!OR8="",Level_SA!OR8=0),"",Level_SA!OQ8/Level_SA!OR8-1)) -> -0.060592479 | OR8: =IF($B$2="YoY","",IF(OR(Level_SA!OR8="",Level_SA!OS8="",Level_SA!OS8=0),"",Level_SA!OR8/Level_SA!OS8-1)) -> 0.044137286 | OS8: =IF($B$2="YoY","",IF(OR(Level_SA!OS8="",Level_SA!OT8="",Level_SA!OT8=0),"",Level_SA!OS8/Level_SA!OT8-1)) -> -0.05844107 | OT8: =IF($B$2="YoY","",IF(OR(Level_SA!OT8="",Level_SA!OU8="",Level_SA!OU8=0),"",Level_SA!OT8/Level_SA!OU8-1)) -> 0.073648867 | OU8: =IF($B$2="YoY","",IF(OR(Level_SA!OU8="",Level_SA!OV8="",Level_SA!OV8=0),"",Level_SA!OU8/Level_SA!OV8-1)) -> 0.0078260364 | OV8: =IF($B$2="YoY","",IF(OR(Level_SA!OV8="",Level_SA!OW8="",Level_SA!OW8=0),"",Level_SA!OV8/Level_SA!OW8-1)) -> -0.015422134 | OW8: =IF($B$2="YoY","",IF(OR(Level_SA!OW8="",Level_SA!OX8="",Level_SA!OX8=0),"",Level_SA!OW8/Level_SA!OX8-1)) -> -0.014743539 | OX8: =IF($B$2="YoY","",IF(OR(Level_SA!OX8="",Level_SA!OY8="",Level_SA!OY8=0),"",Level_SA!OX8/Level_SA!OY8-1)) -> -0.027118086 | OY8: =IF($B$2="YoY","",IF(OR(Level_SA!OY8="",Level_SA!OZ8="",Level_SA!OZ8=0),"",Level_SA!OY8/Level_SA!OZ8-1)) -> 0.003468972 | ... PB8: =IF($B$2="YoY","",IF(OR(Level_SA!PB8="",Level_SA!PC8="",Level_SA!PC8=0),"",Level_SA!PB8/Level_SA!PC8-1)) | PC8: =IF($B$2="YoY","","")
A9: Durable goods industries | B9: DGORDER | C9: =IF($B$2="YoY",IF(OR(Level_SA!C9="",Level_SA!O9="",Level_SA!O9=0),"",Level_SA!C9/Level_SA!O9-1),IF(OR(Level_SA!C9="",Level_SA!D9="",Level_SA!D9=0),"",Level_SA!C9/Level_SA!D9-1)) -> 0.018442013 | D9: =IF($B$2="YoY",IF(OR(Level_SA!D9="",Level_SA!P9="",Level_SA!P9=0),"",Level_SA!D9/Level_SA!P9-1),IF(OR(Level_SA!D9="",Level_SA!E9="",Level_SA!E9=0),"",Level_SA!D9/Level_SA!E9-1)) -> 0.001231178 | E9: =IF($B$2="YoY",IF(OR(Level_SA!E9="",Level_SA!Q9="",Level_SA!Q9=0),"",Level_SA!E9/Level_SA!Q9-1),IF(OR(Level_SA!E9="",Level_SA!F9="",Level_SA!F9=0),"",Level_SA!E9/Level_SA!F9-1)) -> 0.0086991742 | F9: =IF($B$2="YoY",IF(OR(Level_SA!F9="",Level_SA!R9="",Level_SA!R9=0),"",Level_SA!F9/Level_SA!R9-1),IF(OR(Level_SA!F9="",Level_SA!G9="",Level_SA!G9=0),"",Level_SA!F9/Level_SA!G9-1)) -> 0.0058021459 | G9: =IF($B$2="YoY",IF(OR(Level_SA!G9="",Level_SA!S9="",Level_SA!S9=0),"",Level_SA!G9/Level_SA!S9-1),IF(OR(Level_SA!G9="",Level_SA!H9="",Level_SA!H9=0),"",Level_SA!G9/Level_SA!H9-1)) -> -0.040041177 | H9: =IF($B$2="YoY",IF(OR(Level_SA!H9="",Level_SA!T9="",Level_SA!T9=0),"",Level_SA!H9/Level_SA!T9-1),IF(OR(Level_SA!H9="",Level_SA!I9="",Level_SA!I9=0),"",Level_SA!H9/Level_SA!I9-1)) -> 0.085127229 | I9: =IF($B$2="YoY",IF(OR(Level_SA!I9="",Level_SA!U9="",Level_SA!U9=0),"",Level_SA!I9/Level_SA!U9-1),IF(OR(Level_SA!I9="",Level_SA!J9="",Level_SA!J9=0),"",Level_SA!I9/Level_SA!J9-1)) -> 0.013445782 | J9: =IF($B$2="YoY",IF(OR(Level_SA!J9="",Level_SA!V9="",Level_SA!V9=0),"",Level_SA!J9/Level_SA!V9-1),IF(OR(Level_SA!J9="",Level_SA!K9="",Level_SA!K9=0),"",Level_SA!J9/Level_SA!K9-1)) -> -0.011694664 | ... OQ9: =IF($B$2="YoY",IF(OR(Level_SA!OQ9="",Level_SA!PC9="",Level_SA!PC9=0),"",Level_SA!OQ9/Level_SA!PC9-1),IF(OR(Level_SA!OQ9="",Level_SA!OR9="",Level_SA!OR9=0),"",Level_SA!OQ9/Level_SA!OR9-1)) -> -0.03523953 | OR9: =IF($B$2="YoY","",IF(OR(Level_SA!OR9="",Level_SA!OS9="",Level_SA!OS9=0),"",Level_SA!OR9/Level_SA!OS9-1)) -> 0.030284211 | OS9: =IF($B$2="YoY","",IF(OR(Level_SA!OS9="",Level_SA!OT9="",Level_SA!OT9=0),"",Level_SA!OS9/Level_SA!OT9-1)) -> -0.039390229 | OT9: =IF($B$2="YoY","",IF(OR(Level_SA!OT9="",Level_SA!OU9="",Level_SA!OU9=0),"",Level_SA!OT9/Level_SA!OU9-1)) -> 0.055347069 | OU9: =IF($B$2="YoY","",IF(OR(Level_SA!OU9="",Level_SA!OV9="",Level_SA!OV9=0),"",Level_SA!OU9/Level_SA!OV9-1)) -> 0.0024914667 | OV9: =IF($B$2="YoY","",IF(OR(Level_SA!OV9="",Level_SA!OW9="",Level_SA!OW9=0),"",Level_SA!OV9/Level_SA!OW9-1)) -> -0.017774696 | OW9: =IF($B$2="YoY","",IF(OR(Level_SA!OW9="",Level_SA!OX9="",Level_SA!OX9=0),"",Level_SA!OW9/Level_SA!OX9-1)) -> -0.0019864207 | OX9: =IF($B$2="YoY","",IF(OR(Level_SA!OX9="",Level_SA!OY9="",Level_SA!OY9=0),"",Level_SA!OX9/Level_SA!OY9-1)) -> -0.023747834 | OY9: =IF($B$2="YoY","",IF(OR(Level_SA!OY9="",Level_SA!OZ9="",Level_SA!OZ9=0),"",Level_SA!OY9/Level_SA!OZ9-1)) -> 0.010862055 | ... PB9: =IF($B$2="YoY","",IF(OR(Level_SA!PB9="",Level_SA!PC9="",Level_SA!PC9=0),"",Level_SA!PB9/Level_SA!PC9-1)) | PC9: =IF($B$2="YoY","","")
A10: Primary metals | B10: A31SNO | C10: =IF($B$2="YoY",IF(OR(Level_SA!C10="",Level_SA!O10="",Level_SA!O10=0),"",Level_SA!C10/Level_SA!O10-1),IF(OR(Level_SA!C10="",Level_SA!D10="",Level_SA!D10=0),"",Level_SA!C10/Level_SA!D10-1)) -> 0.0051460065 | D10: =IF($B$2="YoY",IF(OR(Level_SA!D10="",Level_SA!P10="",Level_SA!P10=0),"",Level_SA!D10/Level_SA!P10-1),IF(OR(Level_SA!D10="",Level_SA!E10="",Level_SA!E10=0),"",Level_SA!D10/Level_SA!E10-1)) -> 0.019210477 | E10: =IF($B$2="YoY",IF(OR(Level_SA!E10="",Level_SA!Q10="",Level_SA!Q10=0),"",Level_SA!E10/Level_SA!Q10-1),IF(OR(Level_SA!E10="",Level_SA!F10="",Level_SA!F10=0),"",Level_SA!E10/Level_SA!F10-1)) -> 0.02136427 | F10: =IF($B$2="YoY",IF(OR(Level_SA!F10="",Level_SA!R10="",Level_SA!R10=0),"",Level_SA!F10/Level_SA!R10-1),IF(OR(Level_SA!F10="",Level_SA!G10="",Level_SA!G10=0),"",Level_SA!F10/Level_SA!G10-1)) -> 0.018663222 | G10: =IF($B$2="YoY",IF(OR(Level_SA!G10="",Level_SA!S10="",Level_SA!S10=0),"",Level_SA!G10/Level_SA!S10-1),IF(OR(Level_SA!G10="",Level_SA!H10="",Level_SA!H10=0),"",Level_SA!G10/Level_SA!H10-1)) -> 0.042585423 | H10: =IF($B$2="YoY",IF(OR(Level_SA!H10="",Level_SA!T10="",Level_SA!T10=0),"",Level_SA!H10/Level_SA!T10-1),IF(OR(Level_SA!H10="",Level_SA!I10="",Level_SA!I10=0),"",Level_SA!H10/Level_SA!I10-1)) -> 0.026895288 | I10: =IF($B$2="YoY",IF(OR(Level_SA!I10="",Level_SA!U10="",Level_SA!U10=0),"",Level_SA!I10/Level_SA!U10-1),IF(OR(Level_SA!I10="",Level_SA!J10="",Level_SA!J10=0),"",Level_SA!I10/Level_SA!J10-1)) -> 0.0081201645 | J10: =IF($B$2="YoY",IF(OR(Level_SA!J10="",Level_SA!V10="",Level_SA!V10=0),"",Level_SA!J10/Level_SA!V10-1),IF(OR(Level_SA!J10="",Level_SA!K10="",Level_SA!K10=0),"",Level_SA!J10/Level_SA!K10-1)) -> 0.024639337 | ... OQ10: =IF($B$2="YoY",IF(OR(Level_SA!OQ10="",Level_SA!PC10="",Level_SA!PC10=0),"",Level_SA!OQ10/Level_SA!PC10-1),IF(OR(Level_SA!OQ10="",Level_SA!OR10="",Level_SA!OR10=0),"",Level_SA!OQ10/Level_SA!OR10-1)) -> 0.027259008 | OR10: =IF($B$2="YoY","",IF(OR(Level_SA!OR10="",Level_SA!OS10="",Level_SA!OS10=0),"",Level_SA!OR10/Level_SA!OS10-1)) -> 0.04970297 | OS10: =IF($B$2="YoY","",IF(OR(Level_SA!OS10="",Level_SA!OT10="",Level_SA!OT10=0),"",Level_SA!OS10/Level_SA!OT10-1)) -> 0.02061439 | OT10: =IF($B$2="YoY","",IF(OR(Level_SA!OT10="",Level_SA!OU10="",Level_SA!OU10=0),"",Level_SA!OT10/Level_SA!OU10-1)) -> -0.001110326 | OU10: =IF($B$2="YoY","",IF(OR(Level_SA!OU10="",Level_SA!OV10="",Level_SA!OV10=0),"",Level_SA!OU10/Level_SA!OV10-1)) -> -0.080812767 | OV10: =IF($B$2="YoY","",IF(OR(Level_SA!OV10="",Level_SA!OW10="",Level_SA!OW10=0),"",Level_SA!OV10/Level_SA!OW10-1)) -> -0.0021294325 | OW10: =IF($B$2="YoY","",IF(OR(Level_SA!OW10="",Level_SA!OX10="",Level_SA!OX10=0),"",Level_SA!OW10/Level_SA!OX10-1)) -> -0.0019404916 | OX10: =IF($B$2="YoY","",IF(OR(Level_SA!OX10="",Level_SA!OY10="",Level_SA!OY10=0),"",Level_SA!OX10/Level_SA!OY10-1)) -> 0.0039892383 | OY10: =IF($B$2="YoY","",IF(OR(Level_SA!OY10="",Level_SA!OZ10="",Level_SA!OZ10=0),"",Level_SA!OY10/Level_SA!OZ10-1)) -> 0.031285878 | ... PB10: =IF($B$2="YoY","",IF(OR(Level_SA!PB10="",Level_SA!PC10="",Level_SA!PC10=0),"",Level_SA!PB10/Level_SA!PC10-1)) | PC10: =IF($B$2="YoY","","")
A11: Iron and steel mills | B11: A31ANO | C11: =IF($B$2="YoY",IF(OR(Level_SA!C11="",Level_SA!O11="",Level_SA!O11=0),"",Level_SA!C11/Level_SA!O11-1),IF(OR(Level_SA!C11="",Level_SA!D11="",Level_SA!D11=0),"",Level_SA!C11/Level_SA!D11-1)) | D11: =IF($B$2="YoY",IF(OR(Level_SA!D11="",Level_SA!P11="",Level_SA!P11=0),"",Level_SA!D11/Level_SA!P11-1),IF(OR(Level_SA!D11="",Level_SA!E11="",Level_SA!E11=0),"",Level_SA!D11/Level_SA!E11-1)) -> 0.0090704258 | E11: =IF($B$2="YoY",IF(OR(Level_SA!E11="",Level_SA!Q11="",Level_SA!Q11=0),"",Level_SA!E11/Level_SA!Q11-1),IF(OR(Level_SA!E11="",Level_SA!F11="",Level_SA!F11=0),"",Level_SA!E11/Level_SA!F11-1)) -> 0.030542986 | F11: =IF($B$2="YoY",IF(OR(Level_SA!F11="",Level_SA!R11="",Level_SA!R11=0),"",Level_SA!F11/Level_SA!R11-1),IF(OR(Level_SA!F11="",Level_SA!G11="",Level_SA!G11=0),"",Level_SA!F11/Level_SA!G11-1)) -> 0.027718289 | G11: =IF($B$2="YoY",IF(OR(Level_SA!G11="",Level_SA!S11="",Level_SA!S11=0),"",Level_SA!G11/Level_SA!S11-1),IF(OR(Level_SA!G11="",Level_SA!H11="",Level_SA!H11=0),"",Level_SA!G11/Level_SA!H11-1)) -> 0.041685257 | H11: =IF($B$2="YoY",IF(OR(Level_SA!H11="",Level_SA!T11="",Level_SA!T11=0),"",Level_SA!H11/Level_SA!T11-1),IF(OR(Level_SA!H11="",Level_SA!I11="",Level_SA!I11=0),"",Level_SA!H11/Level_SA!I11-1)) -> 0.017576858 | I11: =IF($B$2="YoY",IF(OR(Level_SA!I11="",Level_SA!U11="",Level_SA!U11=0),"",Level_SA!I11/Level_SA!U11-1),IF(OR(Level_SA!I11="",Level_SA!J11="",Level_SA!J11=0),"",Level_SA!I11/Level_SA!J11-1)) -> 0.029720163 | J11: =IF($B$2="YoY",IF(OR(Level_SA!J11="",Level_SA!V11="",Level_SA!V11=0),"",Level_SA!J11/Level_SA!V11-1),IF(OR(Level_SA!J11="",Level_SA!K11="",Level_SA!K11=0),"",Level_SA!J11/Level_SA!K11-1)) -> 0.024355203 | ... OQ11: =IF($B$2="YoY",IF(OR(Level_SA!OQ11="",Level_SA!PC11="",Level_SA!PC11=0),"",Level_SA!OQ11/Level_SA!PC11-1),IF(OR(Level_SA!OQ11="",Level_SA!OR11="",Level_SA!OR11=0),"",Level_SA!OQ11/Level_SA!OR11-1)) -> 0.022187622 | OR11: =IF($B$2="YoY","",IF(OR(Level_SA!OR11="",Level_SA!OS11="",Level_SA!OS11=0),"",Level_SA!OR11/Level_SA!OS11-1)) -> 0.16481523 | OS11: =IF($B$2="YoY","",IF(OR(Level_SA!OS11="",Level_SA!OT11="",Level_SA!OT11=0),"",Level_SA!OS11/Level_SA!OT11-1)) -> 0.019412988 | OT11: =IF($B$2="YoY","",IF(OR(Level_SA!OT11="",Level_SA!OU11="",Level_SA!OU11=0),"",Level_SA!OT11/Level_SA!OU11-1)) -> -0.039085054 | OU11: =IF($B$2="YoY","",IF(OR(Level_SA!OU11="",Level_SA!OV11="",Level_SA!OV11=0),"",Level_SA!OU11/Level_SA!OV11-1)) -> -0.051600674 | OV11: =IF($B$2="YoY","",IF(OR(Level_SA!OV11="",Level_SA!OW11="",Level_SA!OW11=0),"",Level_SA!OV11/Level_SA!OW11-1)) -> -0.036525974 | OW11: =IF($B$2="YoY","",IF(OR(Level_SA!OW11="",Level_SA!OX11="",Level_SA!OX11=0),"",Level_SA!OW11/Level_SA!OX11-1)) -> -0.0096463023 | OX11: =IF($B$2="YoY","",IF(OR(Level_SA!OX11="",Level_SA!OY11="",Level_SA!OY11=0),"",Level_SA!OX11/Level_SA!OY11-1)) -> 0.0032258065 | OY11: =IF($B$2="YoY","",IF(OR(Level_SA!OY11="",Level_SA!OZ11="",Level_SA!OZ11=0),"",Level_SA!OY11/Level_SA!OZ11-1)) -> 0.030114226 | ... PB11: =IF($B$2="YoY","",IF(OR(Level_SA!PB11="",Level_SA!PC11="",Level_SA!PC11=0),"",Level_SA!PB11/Level_SA!PC11-1)) | PC11: =IF($B$2="YoY","","")
A12: Aluminum and nonferrous metals | B12: AANMNO | C12: =IF($B$2="YoY",IF(OR(Level_SA!C12="",Level_SA!O12="",Level_SA!O12=0),"",Level_SA!C12/Level_SA!O12-1),IF(OR(Level_SA!C12="",Level_SA!D12="",Level_SA!D12=0),"",Level_SA!C12/Level_SA!D12-1)) | D12: =IF($B$2="YoY",IF(OR(Level_SA!D12="",Level_SA!P12="",Level_SA!P12=0),"",Level_SA!D12/Level_SA!P12-1),IF(OR(Level_SA!D12="",Level_SA!E12="",Level_SA!E12=0),"",Level_SA!D12/Level_SA!E12-1)) -> 0.017081851 | E12: =IF($B$2="YoY",IF(OR(Level_SA!E12="",Level_SA!Q12="",Level_SA!Q12=0),"",Level_SA!E12/Level_SA!Q12-1),IF(OR(Level_SA!E12="",Level_SA!F12="",Level_SA!F12=0),"",Level_SA!E12/Level_SA!F12-1)) -> 0.0078909613 | F12: =IF($B$2="YoY",IF(OR(Level_SA!F12="",Level_SA!R12="",Level_SA!R12=0),"",Level_SA!F12/Level_SA!R12-1),IF(OR(Level_SA!F12="",Level_SA!G12="",Level_SA!G12=0),"",Level_SA!F12/Level_SA!G12-1)) -> 0.0069020867 | G12: =IF($B$2="YoY",IF(OR(Level_SA!G12="",Level_SA!S12="",Level_SA!S12=0),"",Level_SA!G12/Level_SA!S12-1),IF(OR(Level_SA!G12="",Level_SA!H12="",Level_SA!H12=0),"",Level_SA!G12/Level_SA!H12-1)) -> 0.039459414 | H12: =IF($B$2="YoY",IF(OR(Level_SA!H12="",Level_SA!T12="",Level_SA!T12=0),"",Level_SA!H12/Level_SA!T12-1),IF(OR(Level_SA!H12="",Level_SA!I12="",Level_SA!I12=0),"",Level_SA!H12/Level_SA!I12-1)) -> 0.039275186 | I12: =IF($B$2="YoY",IF(OR(Level_SA!I12="",Level_SA!U12="",Level_SA!U12=0),"",Level_SA!I12/Level_SA!U12-1),IF(OR(Level_SA!I12="",Level_SA!J12="",Level_SA!J12=0),"",Level_SA!I12/Level_SA!J12-1)) -> -0.013429134 | J12: =IF($B$2="YoY",IF(OR(Level_SA!J12="",Level_SA!V12="",Level_SA!V12=0),"",Level_SA!J12/Level_SA!V12-1),IF(OR(Level_SA!J12="",Level_SA!K12="",Level_SA!K12=0),"",Level_SA!J12/Level_SA!K12-1)) -> 0.021672638 | ... OQ12: =IF($B$2="YoY",IF(OR(Level_SA!OQ12="",Level_SA!PC12="",Level_SA!PC12=0),"",Level_SA!OQ12/Level_SA!PC12-1),IF(OR(Level_SA!OQ12="",Level_SA!OR12="",Level_SA!OR12=0),"",Level_SA!OQ12/Level_SA!OR12-1)) -> 0.036201117 | OR12: =IF($B$2="YoY","",IF(OR(Level_SA!OR12="",Level_SA!OS12="",Level_SA!OS12=0),"",Level_SA!OR12/Level_SA!OS12-1)) -> -0.036805854 | OS12: =IF($B$2="YoY","",IF(OR(Level_SA!OS12="",Level_SA!OT12="",Level_SA!OT12=0),"",Level_SA!OS12/Level_SA!OT12-1)) -> 0.0097804825 | OT12: =IF($B$2="YoY","",IF(OR(Level_SA!OT12="",Level_SA!OU12="",Level_SA!OU12=0),"",Level_SA!OT12/Level_SA!OU12-1)) -> 0.022217285 | OU12: =IF($B$2="YoY","",IF(OR(Level_SA!OU12="",Level_SA!OV12="",Level_SA!OV12=0),"",Level_SA!OU12/Level_SA!OV12-1)) -> -0.081990618 | OV12: =IF($B$2="YoY","",IF(OR(Level_SA!OV12="",Level_SA!OW12="",Level_SA!OW12=0),"",Level_SA!OV12/Level_SA!OW12-1)) -> -0.012487412 | OW12: =IF($B$2="YoY","",IF(OR(Level_SA!OW12="",Level_SA!OX12="",Level_SA!OX12=0),"",Level_SA!OW12/Level_SA!OX12-1)) -> 0.030938538 | OX12: =IF($B$2="YoY","",IF(OR(Level_SA!OX12="",Level_SA!OY12="",Level_SA!OY12=0),"",Level_SA!OX12/Level_SA!OY12-1)) -> 0.010279001 | OY12: =IF($B$2="YoY","",IF(OR(Level_SA!OY12="",Level_SA!OZ12="",Level_SA!OZ12=0),"",Level_SA!OY12/Level_SA!OZ12-1)) -> 0.027149321 | ... PB12: =IF($B$2="YoY","",IF(OR(Level_SA!PB12="",Level_SA!PC12="",Level_SA!PC12=0),"",Level_SA!PB12/Level_SA!PC12-1)) | PC12: =IF($B$2="YoY","","")
A13: Ferrous metal foundries | B13: A31CNO | C13: =IF($B$2="YoY",IF(OR(Level_SA!C13="",Level_SA!O13="",Level_SA!O13=0),"",Level_SA!C13/Level_SA!O13-1),IF(OR(Level_SA!C13="",Level_SA!D13="",Level_SA!D13=0),"",Level_SA!C13/Level_SA!D13-1)) | D13: =IF($B$2="YoY",IF(OR(Level_SA!D13="",Level_SA!P13="",Level_SA!P13=0),"",Level_SA!D13/Level_SA!P13-1),IF(OR(Level_SA!D13="",Level_SA!E13="",Level_SA!E13=0),"",Level_SA!D13/Level_SA!E13-1)) -> 0.003968254 | E13: =IF($B$2="YoY",IF(OR(Level_SA!E13="",Level_SA!Q13="",Level_SA!Q13=0),"",Level_SA!E13/Level_SA!Q13-1),IF(OR(Level_SA!E13="",Level_SA!F13="",Level_SA!F13=0),"",Level_SA!E13/Level_SA!F13-1)) -> 0.028105168 | F13: =IF($B$2="YoY",IF(OR(Level_SA!F13="",Level_SA!R13="",Level_SA!R13=0),"",Level_SA!F13/Level_SA!R13-1),IF(OR(Level_SA!F13="",Level_SA!G13="",Level_SA!G13=0),"",Level_SA!F13/Level_SA!G13-1)) -> 0.017997231 | G13: =IF($B$2="YoY",IF(OR(Level_SA!G13="",Level_SA!S13="",Level_SA!S13=0),"",Level_SA!G13/Level_SA!S13-1),IF(OR(Level_SA!G13="",Level_SA!H13="",Level_SA!H13=0),"",Level_SA!G13/Level_SA!H13-1)) -> 0.0680138 | H13: =IF($B$2="YoY",IF(OR(Level_SA!H13="",Level_SA!T13="",Level_SA!T13=0),"",Level_SA!H13/Level_SA!T13-1),IF(OR(Level_SA!H13="",Level_SA!I13="",Level_SA!I13=0),"",Level_SA!H13/Level_SA!I13-1)) -> 0.027341772 | I13: =IF($B$2="YoY",IF(OR(Level_SA!I13="",Level_SA!U13="",Level_SA!U13=0),"",Level_SA!I13/Level_SA!U13-1),IF(OR(Level_SA!I13="",Level_SA!J13="",Level_SA!J13=0),"",Level_SA!I13/Level_SA!J13-1)) -> -0.027093596 | J13: =IF($B$2="YoY",IF(OR(Level_SA!J13="",Level_SA!V13="",Level_SA!V13=0),"",Level_SA!J13/Level_SA!V13-1),IF(OR(Level_SA!J13="",Level_SA!K13="",Level_SA!K13=0),"",Level_SA!J13/Level_SA!K13-1)) -> 0.044238683 | ... OQ13: =IF($B$2="YoY",IF(OR(Level_SA!OQ13="",Level_SA!PC13="",Level_SA!PC13=0),"",Level_SA!OQ13/Level_SA!PC13-1),IF(OR(Level_SA!OQ13="",Level_SA!OR13="",Level_SA!OR13=0),"",Level_SA!OQ13/Level_SA!OR13-1)) -> 0.01314459 | OR13: =IF($B$2="YoY","",IF(OR(Level_SA!OR13="",Level_SA!OS13="",Level_SA!OS13=0),"",Level_SA!OR13/Level_SA!OS13-1)) -> -0.05177373 | OS13: =IF($B$2="YoY","",IF(OR(Level_SA!OS13="",Level_SA!OT13="",Level_SA!OT13=0),"",Level_SA!OS13/Level_SA!OT13-1)) -> 0.077479339 | OT13: =IF($B$2="YoY","",IF(OR(Level_SA!OT13="",Level_SA!OU13="",Level_SA!OU13=0),"",Level_SA!OT13/Level_SA!OU13-1)) -> 0.071982281 | OU13: =IF($B$2="YoY","",IF(OR(Level_SA!OU13="",Level_SA!OV13="",Level_SA!OV13=0),"",Level_SA!OU13/Level_SA!OV13-1)) -> -0.19875776 | OV13: =IF($B$2="YoY","",IF(OR(Level_SA!OV13="",Level_SA!OW13="",Level_SA!OW13=0),"",Level_SA!OV13/Level_SA!OW13-1)) -> 0.24118943 | OW13: =IF($B$2="YoY","",IF(OR(Level_SA!OW13="",Level_SA!OX13="",Level_SA!OX13=0),"",Level_SA!OW13/Level_SA!OX13-1)) -> -0.1184466 | OX13: =IF($B$2="YoY","",IF(OR(Level_SA!OX13="",Level_SA!OY13="",Level_SA!OY13=0),"",Level_SA!OX13/Level_SA!OY13-1)) -> -0.020912548 | OY13: =IF($B$2="YoY","",IF(OR(Level_SA!OY13="",Level_SA!OZ13="",Level_SA!OZ13=0),"",Level_SA!OY13/Level_SA!OZ13-1)) -> 0.0562249 | ... PB13: =IF($B$2="YoY","",IF(OR(Level_SA!PB13="",Level_SA!PC13="",Level_SA!PC13=0),"",Level_SA!PB13/Level_SA!PC13-1)) | PC13: =IF($B$2="YoY","","")
A14: Fabricated metal products | B14: A32SNO | C14: =IF($B$2="YoY",IF(OR(Level_SA!C14="",Level_SA!O14="",Level_SA!O14=0),"",Level_SA!C14/Level_SA!O14-1),IF(OR(Level_SA!C14="",Level_SA!D14="",Level_SA!D14=0),"",Level_SA!C14/Level_SA!D14-1)) -> 0.003711771 | D14: =IF($B$2="YoY",IF(OR(Level_SA!D14="",Level_SA!P14="",Level_SA!P14=0),"",Level_SA!D14/Level_SA!P14-1),IF(OR(Level_SA!D14="",Level_SA!E14="",Level_SA!E14=0),"",Level_SA!D14/Level_SA!E14-1)) -> -0.013528032 | E14: =IF($B$2="YoY",IF(OR(Level_SA!E14="",Level_SA!Q14="",Level_SA!Q14=0),"",Level_SA!E14/Level_SA!Q14-1),IF(OR(Level_SA!E14="",Level_SA!F14="",Level_SA!F14=0),"",Level_SA!E14/Level_SA!F14-1)) -> 0.0041611625 | F14: =IF($B$2="YoY",IF(OR(Level_SA!F14="",Level_SA!R14="",Level_SA!R14=0),"",Level_SA!F14/Level_SA!R14-1),IF(OR(Level_SA!F14="",Level_SA!G14="",Level_SA!G14=0),"",Level_SA!F14/Level_SA!G14-1)) -> -0.0009677987 | G14: =IF($B$2="YoY",IF(OR(Level_SA!G14="",Level_SA!S14="",Level_SA!S14=0),"",Level_SA!G14/Level_SA!S14-1),IF(OR(Level_SA!G14="",Level_SA!H14="",Level_SA!H14=0),"",Level_SA!G14/Level_SA!H14-1)) -> 0.014323323 | H14: =IF($B$2="YoY",IF(OR(Level_SA!H14="",Level_SA!T14="",Level_SA!T14=0),"",Level_SA!H14/Level_SA!T14-1),IF(OR(Level_SA!H14="",Level_SA!I14="",Level_SA!I14=0),"",Level_SA!H14/Level_SA!I14-1)) -> 0.041766415 | I14: =IF($B$2="YoY",IF(OR(Level_SA!I14="",Level_SA!U14="",Level_SA!U14=0),"",Level_SA!I14/Level_SA!U14-1),IF(OR(Level_SA!I14="",Level_SA!J14="",Level_SA!J14=0),"",Level_SA!I14/Level_SA!J14-1)) -> -0.000116198 | J14: =IF($B$2="YoY",IF(OR(Level_SA!J14="",Level_SA!V14="",Level_SA!V14=0),"",Level_SA!J14/Level_SA!V14-1),IF(OR(Level_SA!J14="",Level_SA!K14="",Level_SA!K14=0),"",Level_SA!J14/Level_SA!K14-1)) -> 0.010924468 | ... OQ14: =IF($B$2="YoY",IF(OR(Level_SA!OQ14="",Level_SA!PC14="",Level_SA!PC14=0),"",Level_SA!OQ14/Level_SA!PC14-1),IF(OR(Level_SA!OQ14="",Level_SA!OR14="",Level_SA!OR14=0),"",Level_SA!OQ14/Level_SA!OR14-1)) -> -0.06821529 | OR14: =IF($B$2="YoY","",IF(OR(Level_SA!OR14="",Level_SA!OS14="",Level_SA!OS14=0),"",Level_SA!OR14/Level_SA!OS14-1)) -> 0.04454234 | OS14: =IF($B$2="YoY","",IF(OR(Level_SA!OS14="",Level_SA!OT14="",Level_SA!OT14=0),"",Level_SA!OS14/Level_SA!OT14-1)) -> -0.016505055 | OT14: =IF($B$2="YoY","",IF(OR(Level_SA!OT14="",Level_SA!OU14="",Level_SA!OU14=0),"",Level_SA!OT14/Level_SA!OU14-1)) -> -0.0013049451 | OU14: =IF($B$2="YoY","",IF(OR(Level_SA!OU14="",Level_SA!OV14="",Level_SA!OV14=0),"",Level_SA!OU14/Level_SA!OV14-1)) -> 0.028539135 | OV14: =IF($B$2="YoY","",IF(OR(Level_SA!OV14="",Level_SA!OW14="",Level_SA!OW14=0),"",Level_SA!OV14/Level_SA!OW14-1)) -> 0.011793296 | OW14: =IF($B$2="YoY","",IF(OR(Level_SA!OW14="",Level_SA!OX14="",Level_SA!OX14=0),"",Level_SA!OW14/Level_SA!OX14-1)) -> -0.029481132 | OX14: =IF($B$2="YoY","",IF(OR(Level_SA!OX14="",Level_SA!OY14="",Level_SA!OY14=0),"",Level_SA!OX14/Level_SA!OY14-1)) -> 0.023427517 | OY14: =IF($B$2="YoY","",IF(OR(Level_SA!OY14="",Level_SA!OZ14="",Level_SA!OZ14=0),"",Level_SA!OY14/Level_SA!OZ14-1)) -> 0.047987501 | ... PB14: =IF($B$2="YoY","",IF(OR(Level_SA!PB14="",Level_SA!PC14="",Level_SA!PC14=0),"",Level_SA!PB14/Level_SA!PC14-1)) | PC14: =IF($B$2="YoY","","")
A15: Machinery | B15: A33SNO | C15: =IF($B$2="YoY",IF(OR(Level_SA!C15="",Level_SA!O15="",Level_SA!O15=0),"",Level_SA!C15/Level_SA!O15-1),IF(OR(Level_SA!C15="",Level_SA!D15="",Level_SA!D15=0),"",Level_SA!C15/Level_SA!D15-1)) -> 0.011750985 | D15: =IF($B$2="YoY",IF(OR(Level_SA!D15="",Level_SA!P15="",Level_SA!P15=0),"",Level_SA!D15/Level_SA!P15-1),IF(OR(Level_SA!D15="",Level_SA!E15="",Level_SA!E15=0),"",Level_SA!D15/Level_SA!E15-1)) -> 0.010293464 | E15: =IF($B$2="YoY",IF(OR(Level_SA!E15="",Level_SA!Q15="",Level_SA!Q15=0),"",Level_SA!E15/Level_SA!Q15-1),IF(OR(Level_SA!E15="",Level_SA!F15="",Level_SA!F15=0),"",Level_SA!E15/Level_SA!F15-1)) -> 0.015189473 | F15: =IF($B$2="YoY",IF(OR(Level_SA!F15="",Level_SA!R15="",Level_SA!R15=0),"",Level_SA!F15/Level_SA!R15-1),IF(OR(Level_SA!F15="",Level_SA!G15="",Level_SA!G15=0),"",Level_SA!F15/Level_SA!G15-1)) -> 0.012962963 | G15: =IF($B$2="YoY",IF(OR(Level_SA!G15="",Level_SA!S15="",Level_SA!S15=0),"",Level_SA!G15/Level_SA!S15-1),IF(OR(Level_SA!G15="",Level_SA!H15="",Level_SA!H15=0),"",Level_SA!G15/Level_SA!H15-1)) -> 0.028789162 | H15: =IF($B$2="YoY",IF(OR(Level_SA!H15="",Level_SA!T15="",Level_SA!T15=0),"",Level_SA!H15/Level_SA!T15-1),IF(OR(Level_SA!H15="",Level_SA!I15="",Level_SA!I15=0),"",Level_SA!H15/Level_SA!I15-1)) -> 0.013178276 | I15: =IF($B$2="YoY",IF(OR(Level_SA!I15="",Level_SA!U15="",Level_SA!U15=0),"",Level_SA!I15/Level_SA!U15-1),IF(OR(Level_SA!I15="",Level_SA!J15="",Level_SA!J15=0),"",Level_SA!I15/Level_SA!J15-1)) -> 0.01230309 | J15: =IF($B$2="YoY",IF(OR(Level_SA!J15="",Level_SA!V15="",Level_SA!V15=0),"",Level_SA!J15/Level_SA!V15-1),IF(OR(Level_SA!J15="",Level_SA!K15="",Level_SA!K15=0),"",Level_SA!J15/Level_SA!K15-1)) -> 0.023505592 | ... OQ15: =IF($B$2="YoY",IF(OR(Level_SA!OQ15="",Level_SA!PC15="",Level_SA!PC15=0),"",Level_SA!OQ15/Level_SA!PC15-1),IF(OR(Level_SA!OQ15="",Level_SA!OR15="",Level_SA!OR15=0),"",Level_SA!OQ15/Level_SA!OR15-1)) -> -0.025023946 | OR15: =IF($B$2="YoY","",IF(OR(Level_SA!OR15="",Level_SA!OS15="",Level_SA!OS15=0),"",Level_SA!OR15/Level_SA!OS15-1)) -> 0.039387717 | OS15: =IF($B$2="YoY","",IF(OR(Level_SA!OS15="",Level_SA!OT15="",Level_SA!OT15=0),"",Level_SA!OS15/Level_SA!OT15-1)) -> 0.028214971 | OT15: =IF($B$2="YoY","",IF(OR(Level_SA!OT15="",Level_SA!OU15="",Level_SA!OU15=0),"",Level_SA!OT15/Level_SA!OU15-1)) -> -0.053358367 | OU15: =IF($B$2="YoY","",IF(OR(Level_SA!OU15="",Level_SA!OV15="",Level_SA!OV15=0),"",Level_SA!OU15/Level_SA!OV15-1)) -> 0.073606867 | OV15: =IF($B$2="YoY","",IF(OR(Level_SA!OV15="",Level_SA!OW15="",Level_SA!OW15=0),"",Level_SA!OV15/Level_SA!OW15-1)) -> -0.0051106223 | OW15: =IF($B$2="YoY","",IF(OR(Level_SA!OW15="",Level_SA!OX15="",Level_SA!OX15=0),"",Level_SA!OW15/Level_SA!OX15-1)) -> -0.035622933 | OX15: =IF($B$2="YoY","",IF(OR(Level_SA!OX15="",Level_SA!OY15="",Level_SA!OY15=0),"",Level_SA!OX15/Level_SA!OY15-1)) -> 0.03821491 | OY15: =IF($B$2="YoY","",IF(OR(Level_SA!OY15="",Level_SA!OZ15="",Level_SA!OZ15=0),"",Level_SA!OY15/Level_SA!OZ15-1)) -> -0.016874682 | ... PB15: =IF($B$2="YoY","",IF(OR(Level_SA!PB15="",Level_SA!PC15="",Level_SA!PC15=0),"",Level_SA!PB15/Level_SA!PC15-1)) | PC15: =IF($B$2="YoY","","")
A16: Construction machinery | B16: A33CNO | C16: =IF($B$2="YoY",IF(OR(Level_SA!C16="",Level_SA!O16="",Level_SA!O16=0),"",Level_SA!C16/Level_SA!O16-1),IF(OR(Level_SA!C16="",Level_SA!D16="",Level_SA!D16=0),"",Level_SA!C16/Level_SA!D16-1)) | D16: =IF($B$2="YoY",IF(OR(Level_SA!D16="",Level_SA!P16="",Level_SA!P16=0),"",Level_SA!D16/Level_SA!P16-1),IF(OR(Level_SA!D16="",Level_SA!E16="",Level_SA!E16=0),"",Level_SA!D16/Level_SA!E16-1)) -> 0.072466866 | E16: =IF($B$2="YoY",IF(OR(Level_SA!E16="",Level_SA!Q16="",Level_SA!Q16=0),"",Level_SA!E16/Level_SA!Q16-1),IF(OR(Level_SA!E16="",Level_SA!F16="",Level_SA!F16=0),"",Level_SA!E16/Level_SA!F16-1)) -> -0.086149639 | F16: =IF($B$2="YoY",IF(OR(Level_SA!F16="",Level_SA!R16="",Level_SA!R16=0),"",Level_SA!F16/Level_SA!R16-1),IF(OR(Level_SA!F16="",Level_SA!G16="",Level_SA!G16=0),"",Level_SA!F16/Level_SA!G16-1)) -> 0.021145023 | G16: =IF($B$2="YoY",IF(OR(Level_SA!G16="",Level_SA!S16="",Level_SA!S16=0),"",Level_SA!G16/Level_SA!S16-1),IF(OR(Level_SA!G16="",Level_SA!H16="",Level_SA!H16=0),"",Level_SA!G16/Level_SA!H16-1)) -> 0.058935361 | H16: =IF($B$2="YoY",IF(OR(Level_SA!H16="",Level_SA!T16="",Level_SA!T16=0),"",Level_SA!H16/Level_SA!T16-1),IF(OR(Level_SA!H16="",Level_SA!I16="",Level_SA!I16=0),"",Level_SA!H16/Level_SA!I16-1)) -> -0.0012658228 | I16: =IF($B$2="YoY",IF(OR(Level_SA!I16="",Level_SA!U16="",Level_SA!U16=0),"",Level_SA!I16/Level_SA!U16-1),IF(OR(Level_SA!I16="",Level_SA!J16="",Level_SA!J16=0),"",Level_SA!I16/Level_SA!J16-1)) -> 0.036745407 | J16: =IF($B$2="YoY",IF(OR(Level_SA!J16="",Level_SA!V16="",Level_SA!V16=0),"",Level_SA!J16/Level_SA!V16-1),IF(OR(Level_SA!J16="",Level_SA!K16="",Level_SA!K16=0),"",Level_SA!J16/Level_SA!K16-1)) -> 0.115394 | ... OQ16: =IF($B$2="YoY",IF(OR(Level_SA!OQ16="",Level_SA!PC16="",Level_SA!PC16=0),"",Level_SA!OQ16/Level_SA!PC16-1),IF(OR(Level_SA!OQ16="",Level_SA!OR16="",Level_SA!OR16=0),"",Level_SA!OQ16/Level_SA!OR16-1)) -> 0.075329567 | OR16: =IF($B$2="YoY","",IF(OR(Level_SA!OR16="",Level_SA!OS16="",Level_SA!OS16=0),"",Level_SA!OR16/Level_SA!OS16-1)) -> 0.051485149 | OS16: =IF($B$2="YoY","",IF(OR(Level_SA!OS16="",Level_SA!OT16="",Level_SA!OT16=0),"",Level_SA!OS16/Level_SA!OT16-1)) -> -0.29469274 | OT16: =IF($B$2="YoY","",IF(OR(Level_SA!OT16="",Level_SA!OU16="",Level_SA!OU16=0),"",Level_SA!OT16/Level_SA!OU16-1)) -> 0.080754717 | OU16: =IF($B$2="YoY","",IF(OR(Level_SA!OU16="",Level_SA!OV16="",Level_SA!OV16=0),"",Level_SA!OU16/Level_SA!OV16-1)) -> 0.39767932 | OV16: =IF($B$2="YoY","",IF(OR(Level_SA!OV16="",Level_SA!OW16="",Level_SA!OW16=0),"",Level_SA!OV16/Level_SA!OW16-1)) -> -0.069676153 | OW16: =IF($B$2="YoY","",IF(OR(Level_SA!OW16="",Level_SA!OX16="",Level_SA!OX16=0),"",Level_SA!OW16/Level_SA!OX16-1)) -> -0.038679245 | OX16: =IF($B$2="YoY","",IF(OR(Level_SA!OX16="",Level_SA!OY16="",Level_SA!OY16=0),"",Level_SA!OX16/Level_SA!OY16-1)) -> -0.051029543 | OY16: =IF($B$2="YoY","",IF(OR(Level_SA!OY16="",Level_SA!OZ16="",Level_SA!OZ16=0),"",Level_SA!OY16/Level_SA!OZ16-1)) -> 0.30034924 | ... PB16: =IF($B$2="YoY","",IF(OR(Level_SA!PB16="",Level_SA!PC16="",Level_SA!PC16=0),"",Level_SA!PB16/Level_SA!PC16-1)) | PC16: =IF($B$2="YoY","","")
... A42: Nondurable goods industries | B42: AMNMNO | C42: =IF($B$2="YoY",IF(OR(Level_SA!C42="",Level_SA!O42="",Level_SA!O42=0),"",Level_SA!C42/Level_SA!O42-1),IF(OR(Level_SA!C42="",Level_SA!D42="",Level_SA!D42=0),"",Level_SA!C42/Level_SA!D42-1)) | D42: =IF($B$2="YoY",IF(OR(Level_SA!D42="",Level_SA!P42="",Level_SA!P42=0),"",Level_SA!D42/Level_SA!P42-1),IF(OR(Level_SA!D42="",Level_SA!E42="",Level_SA!E42=0),"",Level_SA!D42/Level_SA!E42-1)) -> 0.0027642633 | E42: =IF($B$2="YoY",IF(OR(Level_SA!E42="",Level_SA!Q42="",Level_SA!Q42=0),"",Level_SA!E42/Level_SA!Q42-1),IF(OR(Level_SA!E42="",Level_SA!F42="",Level_SA!F42=0),"",Level_SA!E42/Level_SA!F42-1)) -> 0.0066022589 | F42: =IF($B$2="YoY",IF(OR(Level_SA!F42="",Level_SA!R42="",Level_SA!R42=0),"",Level_SA!F42/Level_SA!R42-1),IF(OR(Level_SA!F42="",Level_SA!G42="",Level_SA!G42=0),"",Level_SA!F42/Level_SA!G42-1)) -> -0.009178631 | G42: =IF($B$2="YoY",IF(OR(Level_SA!G42="",Level_SA!S42="",Level_SA!S42=0),"",Level_SA!G42/Level_SA!S42-1),IF(OR(Level_SA!G42="",Level_SA!H42="",Level_SA!H42=0),"",Level_SA!G42/Level_SA!H42-1)) -> 0.021582508 | H42: =IF($B$2="YoY",IF(OR(Level_SA!H42="",Level_SA!T42="",Level_SA!T42=0),"",Level_SA!H42/Level_SA!T42-1),IF(OR(Level_SA!H42="",Level_SA!I42="",Level_SA!I42=0),"",Level_SA!H42/Level_SA!I42-1)) -> 0.019102077 | I42: =IF($B$2="YoY",IF(OR(Level_SA!I42="",Level_SA!U42="",Level_SA!U42=0),"",Level_SA!I42/Level_SA!U42-1),IF(OR(Level_SA!I42="",Level_SA!J42="",Level_SA!J42=0),"",Level_SA!I42/Level_SA!J42-1)) -> 0.023253603 | J42: =IF($B$2="YoY",IF(OR(Level_SA!J42="",Level_SA!V42="",Level_SA!V42=0),"",Level_SA!J42/Level_SA!V42-1),IF(OR(Level_SA!J42="",Level_SA!K42="",Level_SA!K42=0),"",Level_SA!J42/Level_SA!K42-1)) -> 0.019019497 | ... OQ42: =IF($B$2="YoY",IF(OR(Level_SA!OQ42="",Level_SA!PC42="",Level_SA!PC42=0),"",Level_SA!OQ42/Level_SA!PC42-1),IF(OR(Level_SA!OQ42="",Level_SA!OR42="",Level_SA!OR42=0),"",Level_SA!OQ42/Level_SA!OR42-1)) -> 0.0016427731 | OR42: =IF($B$2="YoY","",IF(OR(Level_SA!OR42="",Level_SA!OS42="",Level_SA!OS42=0),"",Level_SA!OR42/Level_SA!OS42-1)) -> 0.0015350431 | OS42: =IF($B$2="YoY","",IF(OR(Level_SA!OS42="",Level_SA!OT42="",Level_SA!OT42=0),"",Level_SA!OS42/Level_SA!OT42-1)) -> 0.021670378 | OT42: =IF($B$2="YoY","",IF(OR(Level_SA!OT42="",Level_SA!OU42="",Level_SA!OU42=0),"",Level_SA!OT42/Level_SA!OU42-1)) -> -0.024758959 | OU42: =IF($B$2="YoY","",IF(OR(Level_SA!OU42="",Level_SA!OV42="",Level_SA!OV42=0),"",Level_SA!OU42/Level_SA!OV42-1)) -> 0.027069483 | OV42: =IF($B$2="YoY","",IF(OR(Level_SA!OV42="",Level_SA!OW42="",Level_SA!OW42=0),"",Level_SA!OV42/Level_SA!OW42-1)) -> -0.0068695645 | OW42: =IF($B$2="YoY","",IF(OR(Level_SA!OW42="",Level_SA!OX42="",Level_SA!OX42=0),"",Level_SA!OW42/Level_SA!OX42-1)) -> -0.015336174 | OX42: =IF($B$2="YoY","",IF(OR(Level_SA!OX42="",Level_SA!OY42="",Level_SA!OY42=0),"",Level_SA!OX42/Level_SA!OY42-1)) -> 0.014918945 | OY42: =IF($B$2="YoY","",IF(OR(Level_SA!OY42="",Level_SA!OZ42="",Level_SA!OZ42=0),"",Level_SA!OY42/Level_SA!OZ42-1)) -> 0.021028469 | ... PB42: =IF($B$2="YoY","",IF(OR(Level_SA!PB42="",Level_SA!PC42="",Level_SA!PC42=0),"",Level_SA!PB42/Level_SA!PC42-1)) -> -0.0072702095 | PC42: =IF($B$2="YoY","","")

Sheet Level_SA
A1: Value of Manufacturers' New Orders - Seasonally Adjusted (Millions of Dollars)
A3: Source: FRED series/observations (U.S. Census Bureau M3), fred DB에서 생성. 값은 원자료(하드코딩).
A4: Industry | B4: Ticker (SA) | C4: 2026-09 | D4: 2026-08 | E4: 2026-07 | F4: 2026-06 | G4: 2026-05 | H4: 2026-04 | I4: 2026-03 | J4: 2026-02 | K4: 2026-01 | L4: 2025-12 | M4: 2025-11 | N4: 2025-10 | O4: 2025-09 | P4: 2025-08 | Q4: 2025-07 | R4: 2025-06 | S4: 2025-05 | T4: 2025-04 | U4: 2025-03 | V4: 2025-02 | W4: 2025-01 | X4: 2024-12 | Y4: 2024-11 | Z4: 2024-10 | AA4: 2024-09 | AB4: 2024-08 | AC4: 2024-07 | AD4: 2024-06 | AE4: 2024-05 | AF4: 2024-04 | AG4: 2024-03 | AH4: 2024-02 | AI4: 2024-01 | AJ4: 2023-12 | AK4: 2023-11 | AL4: 2023-10 | AM4: 2023-09 | AN4: 2023-08 | AO4: 2023-07 | AP4: 2023-06 | AQ4: 2023-05 | AR4: 2023-04 | AS4: 2023-03 | AT4: 2023-02 | AU4: 2023-01 | AV4: 2022-12 | AW4: 2022-11 | AX4: 2022-10 | AY4: 2022-09 | AZ4: 2022-08 | BA4: 2022-07 | BB4: 2022-06 | BC4: 2022-05 | BD4: 2022-04 | BE4: 2022-03 | BF4: 2022-02 | BG4: 2022-01 | BH4: 2021-12 | BI4: 2021-11 | BJ4: 2021-10 | BK4: 2021-09 | BL4: 2021-08 | BM4: 2021-07 | BN4: 2021-06 | BO4: 2021-05 | BP4: 2021-04 | BQ4: 2021-03 | BR4: 2021-02 | BS4: 2021-01 | BT4: 2020-12 | BU4: 2020-11 | BV4: 2020-10 | BW4: 2020-09 | BX4: 2020-08 | BY4: 2020-07 | BZ4: 2020-06 | CA4: 2020-05 | CB4: 2020-04 | CC4: 2020-03 | CD4: 2020-02 | CE4: 2020-01 | CF4: 2019-12 | CG4: 2019-11 | CH4: 2019-10 | CI4: 2019-09 | CJ4: 2019-08 | CK4: 2019-07 | CL4: 2019-06 | CM4: 2019-05 | CN4: 2019-04 | CO4: 2019-03 | CP4: 2019-02 | CQ4: 2019-01 | CR4: 2018-12 | CS4: 2018-11 | CT4: 2018-10 | CU4: 2018-09 | CV4: 2018-08 | CW4: 2018-07 | CX4: 2018-06 | CY4: 2018-05 | CZ4: 2018-04 | DA4: 2018-03 | DB4: 2018-02 | DC4: 2018-01 | DD4: 2017-12 | DE4: 2017-11 | DF4: 2017-10 | DG4: 2017-09 | DH4: 2017-08 | DI4: 2017-07 | DJ4: 2017-06 | DK4: 2017-05 | DL4: 2017-04 | DM4: 2017-03 | DN4: 2017-02 | DO4: 2017-01 | DP4: 2016-12 | DQ4: 2016-11 | DR4: 2016-10 | DS4: 2016-09 | DT4: 2016-08 | DU4: 2016-07 | DV4: 2016-06 | DW4: 2016-05 | DX4: 2016-04 | DY4: 2016-03 | DZ4: 2016-02 | EA4: 2016-01 | EB4: 2015-12 | EC4: 2015-11 | ED4: 2015-10 | EE4: 2015-09 | EF4: 2015-08 | EG4: 2015-07 | EH4: 2015-06 | EI4: 2015-05 | EJ4: 2015-04 | EK4: 2015-03 | EL4: 2015-02 | EM4: 2015-01 | EN4: 2014-12 | EO4: 2014-11 | EP4: 2014-10 | EQ4: 2014-09 | ER4: 2014-08 | ES4: 2014-07 | ET4: 2014-06 | EU4: 2014-05 | EV4: 2014-04 | EW4: 2014-03 | EX4: 2014-02 | EY4: 2014-01 | EZ4: 2013-12 | FA4: 2013-11 | FB4: 2013-10 | FC4: 2013-09 | FD4: 2013-08 | FE4: 2013-07 | FF4: 2013-06 | FG4: 2013-05 | FH4: 2013-04 | FI4: 2013-03 | FJ4: 2013-02 | FK4: 2013-01 | FL4: 2012-12 | FM4: 2012-11 | FN4: 2012-10 | FO4: 2012-09 | FP4: 2012-08 | FQ4: 2012-07 | FR4: 2012-06 | FS4: 2012-05 | FT4: 2012-04 | FU4: 2012-03 | FV4: 2012-02 | FW4: 2012-01 | FX4: 2011-12 | FY4: 2011-11 | FZ4: 2011-10 | GA4: 2011-09 | GB4: 2011-08 | GC4: 2011-07 | GD4: 2011-06 | GE4: 2011-05 | GF4: 2011-04 | GG4: 2011-03 | GH4: 2011-02 | GI4: 2011-01 | GJ4: 2010-12 | GK4: 2010-11 | GL4: 2010-10 | GM4: 2010-09 | GN4: 2010-08 | GO4: 2010-07 | GP4: 2010-06 | GQ4: 2010-05 | GR4: 2010-04 | GS4: 2010-03 | GT4: 2010-02 | GU4: 2010-01 | GV4: 2009-12 | GW4: 2009-11 | GX4: 2009-10 | GY4: 2009-09 | GZ4: 2009-08 | HA4: 2009-07 | HB4: 2009-06 | HC4: 2009-05 | HD4: 2009-04 | HE4: 2009-03 | HF4: 2009-02 | HG4: 2009-01 | HH4: 2008-12 | HI4: 2008-11 | HJ4: 2008-10 | HK4: 2008-09 | HL4: 2008-08 | HM4: 2008-07 | HN4: 2008-06 | HO4: 2008-05 | HP4: 2008-04 | HQ4: 2008-03 | HR4: 2008-02 | HS4: 2008-01 | HT4: 2007-12 | HU4: 2007-11 | HV4: 2007-10 | HW4: 2007-09 | HX4: 2007-08 | HY4: 2007-07 | HZ4: 2007-06 | IA4: 2007-05 | IB4: 2007-04 | IC4: 2007-03 | ID4: 2007-02 | IE4: 2007-01 | IF4: 2006-12 | IG4: 2006-11 | IH4: 2006-10 | II4: 2006-09 | IJ4: 2006-08 | IK4: 2006-07 | IL4: 2006-06 | IM4: 2006-05 | IN4: 2006-04 | IO4: 2006-03 | IP4: 2006-02 | IQ4: 2006-01 | IR4: 2005-12 | IS4: 2005-11 | IT4: 2005-10 | IU4: 2005-09 | IV4: 2005-08 | IW4: 2005-07 | IX4: 2005-06 | IY4: 2005-05 | IZ4: 2005-04 | JA4: 2005-03 | JB4: 2005-02 | JC4: 2005-01 | JD4: 2004-12 | JE4: 2004-11 | JF4: 2004-10 | JG4: 2004-09 | JH4: 2004-08 | JI4: 2004-07 | JJ4: 2004-06 | JK4: 2004-05 | JL4: 2004-04 | JM4: 2004-03 | JN4: 2004-02 | JO4: 2004-01 | JP4: 2003-12 | JQ4: 2003-11 | JR4: 2003-10 | JS4: 2003-09 | JT4: 2003-08 | JU4: 2003-07 | JV4: 2003-06 | JW4: 2003-05 | JX4: 2003-04 | JY4: 2003-03 | JZ4: 2003-02 | KA4: 2003-01 | KB4: 2002-12 | KC4: 2002-11 | KD4: 2002-10 | KE4: 2002-09 | KF4: 2002-08 | KG4: 2002-07 | KH4: 2002-06 | KI4: 2002-05 | KJ4: 2002-04 | KK4: 2002-03 | KL4: 2002-02 | KM4: 2002-01 | KN4: 2001-12 | KO4: 2001-11 | KP4: 2001-10 | KQ4: 2001-09 | KR4: 2001-08 | KS4: 2001-07 | KT4: 2001-06 | KU4: 2001-05 | KV4: 2001-04 | KW4: 2001-03 | KX4: 2001-02 | KY4: 2001-01 | KZ4: 2000-12 | LA4: 2000-11 | LB4: 2000-10 | LC4: 2000-09 | LD4: 2000-08 | LE4: 2000-07 | LF4: 2000-06 | LG4: 2000-05 | LH4: 2000-04 | LI4: 2000-03 | LJ4: 2000-02 | LK4: 2000-01 | LL4: 1999-12 | LM4: 1999-11 | LN4: 1999-10 | LO4: 1999-09 | LP4: 1999-08 | LQ4: 1999-07 | LR4: 1999-06 | LS4: 1999-05 | LT4: 1999-04 | LU4: 1999-03 | LV4: 1999-02 | LW4: 1999-01 | LX4: 1998-12 | LY4: 1998-11 | LZ4: 1998-10 | MA4: 1998-09 | MB4: 1998-08 | MC4: 1998-07 | MD4: 1998-06 | ME4: 1998-05 | MF4: 1998-04 | MG4: 1998-03 | MH4: 1998-02 | MI4: 1998-01 | MJ4: 1997-12 | MK4: 1997-11 | ML4: 1997-10 | MM4: 1997-09 | MN4: 1997-08 | MO4: 1997-07 | MP4: 1997-06 | MQ4: 1997-05 | MR4: 1997-04 | MS4: 1997-03 | MT4: 1997-02 | MU4: 1997-01 | MV4: 1996-12 | MW4: 1996-11 | MX4: 1996-10 | MY4: 1996-09 | MZ4: 1996-08 | NA4: 1996-07 | NB4: 1996-06 | NC4: 1996-05 | ND4: 1996-04 | NE4: 1996-03 | NF4: 1996-02 | NG4: 1996-01 | NH4: 1995-12 | NI4: 1995-11 | NJ4: 1995-10 | NK4: 1995-09 | NL4: 1995-08 | NM4: 1995-07 | NN4: 1995-06 | NO4: 1995-05 | NP4: 1995-04 | NQ4: 1995-03 | NR4: 1995-02 | NS4: 1995-01 | NT4: 1994-12 | NU4: 1994-11 | NV4: 1994-10 | NW4: 1994-09 | NX4: 1994-08 | NY4: 1994-07 | NZ4: 1994-06 | OA4: 1994-05 | OB4: 1994-04 | OC4: 1994-03 | OD4: 1994-02 | OE4: 1994-01 | OF4: 1993-12 | OG4: 1993-11 | OH4: 1993-10 | OI4: 1993-09 | OJ4: 1993-08 | OK4: 1993-07 | OL4: 1993-06 | OM4: 1993-05 | ON4: 1993-04 | OO4: 1993-03 | OP4: 1993-02 | OQ4: 1993-01 | OR4: 1992-12 | OS4: 1992-11 | OT4: 1992-10 | OU4: 1992-09 | OV4: 1992-08 | OW4: 1992-07 | OX4: 1992-06 | OY4: 1992-05 | OZ4: 1992-04 | PA4: 1992-03 | PB4: 1992-02 | PC4: 1992-01
A5: All manufacturing industries | B5: AMTMNO | D5: 663491 | E5: 662837 | F5: 657790 | G5: 658836 | H5: 665895 | I5: 632650 | J5: 621304 | K5: 619352 | L5: 619137 | M5: 621859 | N5: 605401 | O5: 612874 | P5: 611464 | Q5: 603586 | R5: 611471 | S5: 642533 | T5: 593537 | U5: 617418 | V5: 597337 | W5: 594107 | X5: 592319 | Y5: 589991 | Z5: 591738 | AA5: 591606 | AB5: 589396 | AC5: 593865 | AD5: 579092 | AE5: 585723 | AF5: 589369 | AG5: 588450 | AH5: 580113 | AI5: 575836 | AJ5: 603429 | AK5: 595096 | AL5: 584930 | AM5: 603929 | AN5: 589655 | AO5: 586852 | AP5: 596374 | AQ5: 581399 | AR5: 583953 | AS5: 584931 | AT5: 582578 | AU5: 593201 | AV5: 593382 | AW5: 584264 | AX5: 599595 | AY5: 591853 | AZ5: 588812 | BA5: 595337 | BB5: 602502 | BC5: 593328 | BD5: 586866 | BE5: 583312 | BF5: 571624 | BG5: 571817 | BH5: 566241 | BI5: 554883 | BJ5: 546544 | BK5: 533538 | BL5: 534721 | BM5: 528954 | BN5: 522925 | BO5: 512022 | BP5: 505746 | BQ5: 501773 | BR5: 496279 | BS5: 492597 | BT5: 475848 | BU5: 463573 | BV5: 458301 | BW5: 449930 | BX5: 443826 | BY5: 438761 | BZ5: 412500 | CA5: 383361 | CB5: 362308 | CC5: 421299 | CD5: 467618 | CE5: 466813 | CF5: 460568 | CG5: 455529 | CH5: 461979 | CI5: 465927 | CJ5: 470882 | CK5: 470462 | CL5: 465014 | CM5: 470587 | CN5: 479871 | CO5: 486807 | CP5: 477752 | CQ5: 479440 | CR5: 487514 | CS5: 483061 | CT5: 490964 | CU5: 500038 | CV5: 497373 | CW5: 486008 | CX5: 493717 | CY5: 492104 | CZ5: 488803 | DA5: 489613 | DB5: 481644 | DC5: 472765 | DD5: 485673 | DE5: 470284 | DF5: 463700 | DG5: 461945 | DH5: 451655 | DI5: 446456 | DJ5: 464569 | DK5: 449830 | DL5: 453101 | DM5: 452339 | DN5: 452304 | DO5: 449458 | DP5: 450002 | DQ5: 437831 | DR5: 455707 | DS5: 439291 | DT5: 438052 | DU5: 436205 | DV5: 428557 | DW5: 442666 | DX5: 448780 | DY5: 435914 | DZ5: 430074 | EA5: 443714 | EB5: 435902 | EC5: 445693 | ED5: 450974 | EE5: 442590 | EF5: 449990 | EG5: 460215 | EH5: 463050 | EI5: 451910 | EJ5: 459217 | EK5: 464063 | EL5: 452249 | EM5: 458487 | EN5: 465351 | EO5: 476389 | EP5: 484859 | EQ5: 492542 | ER5: 495777 | ES5: 558342 | ET5: 498610 | EU5: 496209 | EV5: 500540 | EW5: 498172 | EX5: 496871 | EY5: 488094 | EZ5: 501745 | FA5: 504720 | FB5: 490079 | FC5: 496195 | FD5: 485233 | FE5: 481156 | FF5: 501093 | FG5: 494611 | FH5: 481734 | FI5: 476914 | FJ5: 501772 | FK5: 484478 | FL5: 488861 | FM5: 476440 | FN5: 477661 | FO5: 474226 | FP5: 455789 | FQ5: 472683 | FR5: 464626 | FS5: 471644 | FT5: 473621 | FU5: 481670 | FV5: 483814 | FW5: 482146 | FX5: 478391 | FY5: 471598 | FZ5: 463126 | GA5: 457843 | GB5: 468947 | GC5: 459477 | GD5: 454746 | GE5: 458536 | GF5: 454441 | GG5: 463133 | GH5: 438975 | GI5: 445734 | GJ5: 429764 | GK5: 426427 | GL5: 417830 | GM5: 422049 | GN5: 408354 | GO5: 402326 | GP5: 400624 | GQ5: 404370 | GR5: 400842 | GS5: 400659 | GT5: 394215 | GU5: 393694 | GV5: 371392 | GW5: 369445 | GX5: 366143 | GY5: 359189 | GZ5: 355776 | HA5: 348909 | HB5: 345129 | HC5: 339817 | HD5: 334449 | HE5: 333431 | HF5: 343150 | HG5: 343559 | HH5: 365490 | HI5: 386733 | HJ5: 419715 | HK5: 452545 | HL5: 463929 | HM5: 477725 | HN5: 485010 | HO5: 477706 | HP5: 477888 | HQ5: 473829 | HR5: 473714 | HS5: 478676 | HT5: 481274 | HU5: 464910 | HV5: 458907 | HW5: 448633 | HX5: 452598 | HY5: 450464 | HZ5: 446539 | IA5: 445891 | IB5: 446596 | IC5: 442158 | ID5: 430410 | IE5: 427905 | IF5: 437894 | IG5: 426451 | IH5: 415798 | II5: 435776 | IJ5: 418759 | IK5: 416849 | IL5: 427440 | IM5: 423472 | IN5: 418625 | IO5: 430457 | IP5: 421074 | IQ5: 415824 | IR5: 422981 | IS5: 421486 | IT5: 409487 | IU5: 404154 | IV5: 401287 | IW5: 386590 | IX5: 400506 | IY5: 395916 | IZ5: 385450 | JA5: 374642 | JB5: 381880 | JC5: 378937 | JD5: 373419 | JE5: 373177 | JF5: 364476 | JG5: 361042 | JH5: 355629 | JI5: 356710 | JJ5: 354635 | JK5: 351373 | JL5: 349488 | JM5: 354358 | JN5: 341261 | JO5: 339193 | JP5: 340507 | JQ5: 339229 | JR5: 342054 | JS5: 336048 | JT5: 330322 | JU5: 329530 | JV5: 328625 | JW5: 324549 | JX5: 321380 | JY5: 330437 | JZ5: 330320 | KA5: 323882 | KB5: 316933 | KC5: 322463 | KD5: 320658 | KE5: 319466 | KF5: 326896 | KG5: 320937 | KH5: 316320 | KI5: 321471 | KJ5: 319110 | KK5: 315160 | KL5: 317481 | KM5: 308617 | KN5: 311731 | KO5: 310008 | KP5: 318537 | KQ5: 311821 | KR5: 321838 | KS5: 318401 | KT5: 324044 | KU5: 329643 | KV5: 321890 | KW5: 333486 | KX5: 335205 | KY5: 331600 | KZ5: 343858 | LA5: 343578 | LB5: 339610 | LC5: 354557 | LD5: 340728 | LE5: 343351 | LF5: 374700 | LG5: 340085 | LH5: 347917 | LI5: 344182 | LJ5: 331991 | LK5: 350725 | LL5: 344248 | LM5: 334281 | LN5: 341407 | LO5: 333492 | LP5: 332510 | LQ5: 330548 | LR5: 323793 | LS5: 325581 | LT5: 321414 | LU5: 322604 | LV5: 324617 | LW5: 324278 | LX5: 315467 | LY5: 319291 | LZ5: 315959 | MA5: 319546 | MB5: 318026 | MC5: 308769 | MD5: 311219 | ME5: 320787 | MF5: 320388 | MG5: 317454 | MH5: 322715 | MI5: 315893 | MJ5: 315121 | MK5: 334896 | ML5: 319565 | MM5: 318687 | MN5: 319106 | MO5: 318485 | MP5: 315090 | MQ5: 308733 | MR5: 313694 | MS5: 307465 | MT5: 310604 | MU5: 300765 | MV5: 300179 | MW5: 309537 | MX5: 301595 | MY5: 302015 | MZ5: 293231 | NA5: 298909 | NB5: 299606 | NC5: 298700 | ND5: 290320 | NE5: 298862 | NF5: 277940 | NG5: 285822 | NH5: 297684 | NI5: 287704 | NJ5: 287568 | NK5: 293326 | NL5: 285979 | NM5: 281269 | NN5: 281900 | NO5: 282955 | NP5: 283370 | NQ5: 282195 | NR5: 284915 | NS5: 279692 | NT5: 282738 | NU5: 276477 | NV5: 275087 | NW5: 270377 | NX5: 269994 | NY5: 267694 | NZ5: 267027 | OA5: 263419 | OB5: 260006 | OC5: 257190 | OD5: 256624 | OE5: 257125 | OF5: 250057 | OG5: 247827 | OH5: 251656 | OI5: 245731 | OJ5: 246562 | OK5: 245765 | OL5: 249521 | OM5: 245194 | ON5: 244703 | OO5: 245506 | OP5: 247176 | OQ5: 239924 | OR5: 244173 | OS5: 240286 | OT5: 242803 | OU5: 239052 | OV5: 235633 | OW5: 238609 | OX5: 240660 | OY5: 241916 | OZ5: 238173 | PA5: 233732 | PB5: 223500
A6: Excluding transportation | B6: AMXTNO | D6: 549397 | E6: 547950 | F6: 544237 | G6: 544723 | H6: 533973 | I6: 524881 | J6: 515401 | K6: 507115 | L6: 504761 | M6: 501990 | N6: 501303 | O6: 501821 | P6: 501131 | Q6: 501452 | R6: 498825 | S6: 496862 | T6: 495451 | U6: 498334 | V6: 500921 | W6: 499655 | X6: 497985 | Y6: 497461 | Z6: 494980 | AA6: 496028 | AB6: 494286 | AC6: 494334 | AD6: 492458 | AE6: 492602 | AF6: 496325 | AG6: 493754 | AH6: 490433 | AI6: 488023 | AJ6: 493643 | AK6: 490166 | AL6: 492652 | AM6: 499880 | AN6: 494191 | AO6: 488034 | AP6: 485416 | AQ6: 480038 | AR6: 485365 | AS6: 490699 | AT6: 493675 | AU6: 498413 | AV6: 495069 | AW6: 500010 | AX6: 508407 | AY6: 504631 | AZ6: 501921 | BA6: 507091 | BB6: 513847 | BC6: 510815 | BD6: 503222 | BE6: 500379 | BF6: 487475 | BG6: 483661 | BH6: 480931 | BI6: 473725 | BJ6: 468479 | BK6: 459031 | BL6: 453922 | BM6: 450723 | BN6: 443893 | BO6: 436216 | BP6: 430339 | BQ6: 421303 | BR6: 416221 | BS6: 412287 | BT6: 400733 | BU6: 388016 | BV6: 382025 | BW6: 377419 | BX6: 370221 | BY6: 366771 | BZ6: 356631 | CA6: 338779 | CB6: 331889 | CC6: 365628 | CD6: 381110 | CE6: 387152 | CF6: 393468 | CG6: 394514 | CH6: 393913 | CI6: 398082 | CJ6: 400573 | CK6: 401738 | CL6: 402210 | CM6: 407297 | CN6: 409055 | CO6: 407393 | CP6: 408139 | CQ6: 404415 | CR6: 406056 | CS6: 408038 | CT6: 415666 | CU6: 414296 | CV6: 414030 | CW6: 414367 | CX6: 413034 | CY6: 411403 | CZ6: 405528 | DA6: 403380 | DB6: 402761 | DC6: 399525 | DD6: 399020 | DE6: 393825 | DF6: 388661 | DG6: 383895 | DH6: 378947 | DI6: 376313 | DJ6: 373345 | DK6: 374389 | DL6: 374936 | DM6: 376004 | DN6: 375968 | DO6: 375017 | DP6: 373612 | DQ6: 364164 | DR6: 364358 | DS6: 362933 | DT6: 362372 | DU6: 361837 | DV6: 361980 | DW6: 360776 | DX6: 361454 | DY6: 358654 | DZ6: 355876 | EA6: 359069 | EB6: 360572 | EC6: 365300 | ED6: 369275 | EE6: 370690 | EF6: 373615 | EG6: 377766 | EH6: 381463 | EI6: 378345 | EJ6: 380032 | EK6: 381172 | EL6: 381163 | EM6: 380327 | EN6: 391033 | EO6: 397446 | EP6: 404589 | EQ6: 413274 | ER6: 414408 | ES6: 411369 | ET6: 417132 | EU6: 414016 | EV6: 415302 | EW6: 415955 | EX6: 416777 | EY6: 414657 | EZ6: 411771 | FA6: 412318 | FB6: 407172 | FC6: 406720 | FD6: 407730 | FE6: 408439 | FF6: 405247 | FG6: 408196 | FH6: 405003 | FI6: 405606 | FJ6: 416729 | FK6: 413176 | FL6: 404275 | FM6: 406868 | FN6: 406631 | FO6: 401595 | FP6: 397746 | FQ6: 395293 | FR6: 394444 | FS6: 403127 | FT6: 406562 | FU6: 413680 | FV6: 411118 | FW6: 408251 | FX6: 409357 | FY6: 406510 | FZ6: 403956 | GA6: 401762 | GB6: 399738 | GC6: 400916 | GD6: 399364 | GE6: 397820 | GF6: 397098 | GG6: 396292 | GH6: 383643 | GI6: 385211 | GJ6: 380528 | GK6: 371675 | GL6: 359282 | GM6: 359365 | GN6: 353702 | GO6: 349476 | GP6: 352183 | GQ6: 351319 | GR6: 349090 | GS6: 353346 | GT6: 342575 | GU6: 339735 | GV6: 335297 | GW6: 331558 | GX6: 327290 | GY6: 323190 | GZ6: 315429 | HA6: 312923 | HB6: 313581 | HC6: 303642 | HD6: 297583 | HE6: 300420 | HF6: 310911 | HG6: 307422 | HH6: 319603 | HI6: 343653 | HJ6: 368827 | HK6: 390692 | HL6: 406688 | HM6: 419609 | HN6: 422370 | HO6: 414897 | HP6: 414103 | HQ6: 402914 | HR6: 399662 | HS6: 403902 | HT6: 400131 | HU6: 397979 | HV6: 388039 | HW6: 379806 | HX6: 374970 | HY6: 374055 | HZ6: 372240 | IA6: 375591 | IB6: 372336 | IC6: 368988 | ID6: 364599 | IE6: 358338 | IF6: 367150 | IG6: 355144 | IH6: 352383 | II6: 354998 | IJ6: 358861 | IK6: 360419 | IL6: 361108 | IM6: 361387 | IN6: 355952 | IO6: 356486 | IP6: 352154 | IQ6: 357237 | IR6: 349334 | IS6: 348796 | IT6: 345309 | IU6: 343998 | IV6: 339521 | IW6: 328089 | IX6: 331727 | IY6: 326651 | IZ6: 327867 | JA6: 324844 | JB6: 324543 | JC6: 321393 | JD6: 316822 | JE6: 314754 | JF6: 311467 | JG6: 305053 | JH6: 302348 | JI6: 297725 | JJ6: 297553 | JK6: 296696 | JL6: 293076 | JM6: 295134 | JN6: 283409 | JO6: 283725 | JP6: 283797 | JQ6: 282692 | JR6: 283545 | JS6: 278690 | JT6: 277209 | JU6: 274425 | JV6: 272837 | JW6: 269310 | JX6: 267056 | JY6: 275118 | JZ6: 274305 | KA6: 269497 | KB6: 268738 | KC6: 269387 | KD6: 268148 | KE6: 269089 | KF6: 266813 | KG6: 263648 | KH6: 267443 | KI6: 269561 | KJ6: 266140 | KK6: 261959 | KL6: 260807 | KM6: 258924 | KN6: 264814 | KO6: 263361 | KP6: 262132 | KQ6: 266105 | KR6: 273415 | KS6: 270033 | KT6: 272832 | KU6: 278052 | KV6: 270840 | KW6: 276845 | KX6: 286264 | KY6: 286190 | KZ6: 290522 | LA6: 290231 | LB6: 290716 | LC6: 296073 | LD6: 290631 | LE6: 292054 | LF6: 298451 | LG6: 289369 | LH6: 294211 | LI6: 291893 | LJ6: 280505 | LK6: 288978 | LL6: 286982 | LM6: 282342 | LN6: 284031 | LO6: 280214 | LP6: 277157 | LQ6: 275671 | LR6: 271845 | LS6: 270245 | LT6: 268889 | LU6: 267412 | LV6: 269214 | LW6: 264876 | LX6: 267796 | LY6: 264993 | LZ6: 262823 | MA6: 266944 | MB6: 265582 | MC6: 264412 | MD6: 269078 | ME6: 269893 | MF6: 265992 | MG6: 269339 | MH6: 272075 | MI6: 268867 | MJ6: 269542 | MK6: 272295 | ML6: 269151 | MM6: 271525 | MN6: 269621 | MO6: 268562 | MP6: 266719 | MQ6: 263007 | MR6: 265549 | MS6: 263082 | MT6: 263873 | MU6: 257628 | MV6: 254542 | MW6: 258323 | MX6: 255828 | MY6: 252909 | MZ6: 253629 | NA6: 251919 | NB6: 252896 | NC6: 251373 | ND6: 247292 | NE6: 248539 | NF6: 237565 | NG6: 242086 | NH6: 250837 | NI6: 245031 | NJ6: 247745 | NK6: 246170 | NL6: 243923 | NM6: 241344 | NN6: 241289 | NO6: 241911 | NP6: 242449 | NQ6: 239019 | NR6: 240543 | NS6: 241132 | NT6: 239606 | NU6: 233581 | NV6: 233495 | NW6: 229716 | NX6: 228014 | NY6: 227522 | NZ6: 226439 | OA6: 223412 | OB6: 220771 | OC6: 219139 | OD6: 218203 | OE6: 215877 | OF6: 214349 | OG6: 211886 | OH6: 214521 | OI6: 212580 | OJ6: 210608 | OK6: 210150 | OL6: 210448 | OM6: 210158 | ON6: 209008 | OO6: 210667 | OP6: 208770 | OQ6: 209361 | OR6: 209452 | OS6: 207409 | OT6: 202475 | OU6: 207022 | OV6: 202719 | OW6: 203746 | OX6: 206045 | OY6: 204434 | OZ6: 200307 | PA6: 199432 | PB6: 191896
A7: Excluding defense | B7: AMXDNO | D7: 638252 | E7: 637381 | F7: 630848 | G7: 632742 | H7: 639576 | I7: 608498 | J7: 602209 | K7: 600192 | L7: 597894 | M7: 603531 | N7: 584883 | O7: 589512 | P7: 589770 | Q7: 585561 | R7: 591739 | S7: 620942 | T7: 577009 | U7: 603030 | V7: 580305 | W7: 578174 | X7: 574307 | Y7: 573261 | Z7: 571826 | AA7: 572169 | AB7: 571750 | AC7: 576552 | AD7: 562737 | AE7: 569307 | AF7: 574060 | AG7: 574307 | AH7: 565984 | AI7: 560202 | AJ7: 590090 | AK7: 580062 | AL7: 568783 | AM7: 591222 | AN7: 574970 | AO7: 572664 | AP7: 581016 | AQ7: 564549 | AR7: 563710 | AS7: 569287 | AT7: 567495 | AU7: 577127 | AV7: 577148 | AW7: 569973 | AX7: 586675 | AY7: 579783 | AZ7: 573054 | BA7: 581701 | BB7: 584788 | BC7: 580325 | BD7: 574408 | BE7: 569906 | BF7: 557596 | BG7: 559616 | BH7: 552116 | BI7: 542236 | BJ7: 533283 | BK7: 519313 | BL7: 522248 | BM7: 514246 | BN7: 509000 | BO7: 498556 | BP7: 491427 | BQ7: 484370 | BR7: 480098 | BS7: 475985 | BT7: 461246 | BU7: 447958 | BV7: 442549 | BW7: 437677 | BX7: 426869 | BY7: 422158 | BZ7: 397175 | CA7: 367314 | CB7: 347395 | CC7: 401323 | CD7: 447926 | CE7: 452007 | CF7: 440230 | CG7: 446373 | CH7: 445698 | CI7: 449891 | CJ7: 456023 | CK7: 459502 | CL7: 453991 | CM7: 457635 | CN7: 465973 | CO7: 470895 | CP7: 466104 | CQ7: 467731 | CR7: 472433 | CS7: 468818 | CT7: 477879 | CU7: 479841 | CV7: 480935 | CW7: 474043 | CX7: 477579 | CY7: 477930 | CZ7: 476224 | DA7: 477527 | DB7: 470102 | DC7: 462122 | DD7: 470753 | DE7: 461833 | DF7: 452477 | DG7: 450323 | DH7: 439811 | DI7: 432921 | DJ7: 453794 | DK7: 439517 | DL7: 440380 | DM7: 441002 | DN7: 440656 | DO7: 438040 | DP7: 434387 | DQ7: 423046 | DR7: 442127 | DS7: 427294 | DT7: 425206 | DU7: 425954 | DV7: 419583 | DW7: 432680 | DX7: 434878 | DY7: 419762 | DZ7: 421158 | EA7: 431791 | EB7: 425267 | EC7: 431767 | ED7: 438454 | EE7: 434265 | EF7: 439803 | EG7: 447296 | EH7: 451949 | EI7: 441169 | EJ7: 449426 | EK7: 452701 | EL7: 444140 | EM7: 448187 | EN7: 455407 | EO7: 467031 | EP7: 471852 | EQ7: 483413 | ER7: 484801 | ES7: 547905 | ET7: 485169 | EU7: 484001 | EV7: 481186 | EW7: 485508 | EX7: 484946 | EY7: 478925 | EZ7: 491826 | FA7: 495402 | FB7: 479312 | FC7: 483354 | FD7: 473461 | FE7: 469492 | FF7: 487815 | FG7: 483509 | FH7: 471737 | FI7: 469590 | FJ7: 490265 | FK7: 475088 | FL7: 466656 | FM7: 465187 | FN7: 466568 | FO7: 462134 | FP7: 445713 | FQ7: 458811 | FR7: 449979 | FS7: 460522 | FT7: 463334 | FU7: 468776 | FV7: 471415 | FW7: 470994 | FX7: 468749 | FY7: 459616 | FZ7: 451756 | GA7: 445217 | GB7: 454037 | GC7: 447181 | GD7: 441771 | GE7: 443073 | GF7: 438878 | GG7: 448079 | GH7: 425675 | GI7: 429495 | GJ7: 416288 | GK7: 411409 | GL7: 406582 | GM7: 406820 | GN7: 395622 | GO7: 388792 | GP7: 389237 | GQ7: 390474 | GR7: 387583 | GS7: 385767 | GT7: 379660 | GU7: 376585 | GV7: 361291 | GW7: 360399 | GX7: 355413 | GY7: 348570 | GZ7: 345523 | HA7: 337926 | HB7: 335412 | HC7: 327068 | HD7: 320515 | HE7: 322395 | HF7: 333482 | HG7: 336915 | HH7: 346485 | HI7: 376478 | HJ7: 407613 | HK7: 434222 | HL7: 451636 | HM7: 465921 | HN7: 471419 | HO7: 464515 | HP7: 465663 | HQ7: 460328 | HR7: 460018 | HS7: 465860 | HT7: 466784 | HU7: 457624 | HV7: 445734 | HW7: 439317 | HX7: 436325 | HY7: 439270 | HZ7: 438735 | IA7: 435470 | IB7: 437013 | IC7: 435104 | ID7: 420863 | IE7: 415122 | IF7: 426485 | IG7: 412559 | IH7: 407085 | II7: 420928 | IJ7: 408434 | IK7: 408062 | IL7: 414931 | IM7: 415207 | IN7: 409466 | IO7: 420274 | IP7: 408470 | IQ7: 410303 | IR7: 412832 | IS7: 413949 | IT7: 400194 | IU7: 396014 | IV7: 393973 | IW7: 378985 | IX7: 390421 | IY7: 387028 | IZ7: 377156 | JA7: 368191 | JB7: 374107 | JC7: 371019 | JD7: 365936 | JE7: 364416 | JF7: 354786 | JG7: 351265 | JH7: 348439 | JI7: 347168 | JJ7: 344489 | JK7: 343217 | JL7: 339022 | JM7: 344937 | JN7: 331169 | JO7: 328711 | JP7: 329585 | JQ7: 330447 | JR7: 331126 | JS7: 327178 | JT7: 319536 | JU7: 320794 | JV7: 320241 | JW7: 314377 | JX7: 310550 | JY7: 321133 | JZ7: 320346 | KA7: 315861 | KB7: 309056 | KC7: 315615 | KD7: 315095 | KE7: 311141 | KF7: 318793 | KG7: 310741 | KH7: 309128 | KI7: 315503 | KJ7: 311737 | KK7: 305162 | KL7: 307413 | KM7: 302706 | KN7: 304576 | KO7: 303587 | KP7: 299478 | KQ7: 303123 | KR7: 315947 | KS7: 311462 | KT7: 317837 | KU7: 322281 | KV7: 315233 | KW7: 324296 | KX7: 329159 | KY7: 326613 | KZ7: 340499 | LA7: 335922 | LB7: 333754 | LC7: 348909 | LD7: 334239 | LE7: 337612 | LF7: 347666 | LG7: 334678 | LH7: 342774 | LI7: 338996 | LJ7: 326600 | LK7: 341417 | LL7: 336959 | LM7: 329780 | LN7: 333065 | LO7: 328751 | LP7: 327174 | LQ7: 323036 | LR7: 318245 | LS7: 318747 | LT7: 315647 | LU7: 314869 | LV7: 317868 | LW7: 316706 | LX7: 308739 | LY7: 312808 | LZ7: 310246 | MA7: 311641 | MB7: 312285 | MC7: 302966 | MD7: 305798 | ME7: 315415 | MF7: 312740 | MG7: 312236 | MH7: 316538 | MI7: 310018 | MJ7: 310404 | MK7: 328567 | ML7: 314039 | MM7: 312935 | MN7: 312400 | MO7: 312064 | MP7: 308286 | MQ7: 302868 | MR7: 306691 | MS7: 301980 | MT7: 304079 | MU7: 296056 | MV7: 289786 | MW7: 295477 | MX7: 294627 | MY7: 295604 | MZ7: 287781 | NA7: 293210 | NB7: 291870 | NC7: 290627 | ND7: 283965 | NE7: 286016 | NF7: 272261 | NG7: 278998 | NH7: 291402 | NI7: 282276 | NJ7: 281576 | NK7: 286707 | NL7: 278669 | NM7: 275140 | NN7: 275411 | NO7: 276469 | NP7: 277486 | NQ7: 275114 | NR7: 277597 | NS7: 275112 | NT7: 275054 | NU7: 269762 | NV7: 266653 | NW7: 264025 | NX7: 263168 | NY7: 260822 | NZ7: 260253 | OA7: 256105 | OB7: 254080 | OC7: 252010 | OD7: 250753 | OE7: 248786 | OF7: 244086 | OG7: 241705 | OH7: 244296 | OI7: 239277 | OJ7: 238634 | OK7: 236979 | OL7: 243575 | OM7: 238314 | ON7: 237524 | OO7: 237461 | OP7: 239742 | OQ7: 233902 | OR7: 235795 | OS7: 232028 | OT7: 231138 | OU7: 232363 | OV7: 229766 | OW7: 232728 | OX7: 233704 | OY7: 233699 | OZ7: 229698 | PA7: 227061 | PB7: 215154
A8: With unfilled orders | B8: AMTUNO | C8: 250863 | D8: 244980 | E8: 244078 | F8: 241859 | G8: 239681 | H8: 254079 | I8: 227180 | J8: 223817 | K8: 229892 | L8: 232232 | M8: 235768 | N8: 218619 | O8: 224891 | P8: 222999 | Q8: 214152 | R8: 223137 | S8: 256498 | T8: 207823 | U8: 226791 | V8: 205942 | W8: 205823 | X8: 203787 | Y8: 201358 | Z8: 205967 | AA8: 204325 | AB8: 202230 | AC8: 206610 | AD8: 192685 | AE8: 197377 | AF8: 197574 | AG8: 198658 | AH8: 195425 | AI8: 193682 | AJ8: 217607 | AK8: 212598 | AL8: 201147 | AM8: 211069 | AN8: 201061 | AO8: 205090 | AP8: 217162 | AQ8: 203051 | AR8: 205598 | AS8: 204710 | AT8: 194716 | AU8: 200916 | AV8: 206946 | AW8: 193338 | AX8: 201656 | AY8: 197056 | AZ8: 198781 | BA8: 201163 | BB8: 202111 | BC8: 197076 | BD8: 197657 | BE8: 196463 | BF8: 198151 | BG8: 202659 | BH8: 199742 | BI8: 193189 | BJ8: 189985 | BK8: 188582 | BL8: 192544 | BM8: 186341 | BN8: 188373 | BO8: 183117 | BP8: 183717 | BQ8: 182025 | BR8: 180756 | BS8: 175112 | BT8: 168704 | BU8: 164243 | BV8: 164539 | BW8: 158064 | BX8: 155412 | BY8: 151268 | BZ8: 139552 | CA8: 141437 | CB8: 126812 | CC8: 147549 | CD8: 173859 | CE8: 168713 | CF8: 157252 | CG8: 153045 | CH8: 159898 | CI8: 159298 | CJ8: 162346 | CK8: 161058 | CL8: 155854 | CM8: 156269 | CN8: 164971 | CO8: 171587 | CP8: 162402 | CQ8: 167181 | CR8: 174481 | CS8: 167290 | CT8: 169530 | CU8: 179587 | CV8: 177046 | CW8: 166767 | CX8: 175877 | CY8: 177136 | CZ8: 174106 | DA8: 177337 | DB8: 169545 | DC8: 161169 | DD8: 175659 | DE8: 164290 | DF8: 162792 | DG8: 165035 | DH8: 157334 | DI8: 155390 | DJ8: 172918 | DK8: 157433 | DL8: 161089 | DM8: 159037 | DN8: 157686 | DO8: 154093 | DP8: 154938 | DQ8: 152916 | DR8: 169835 | DS8: 152904 | DT8: 153271 | DU8: 152051 | DV8: 142210 | DW8: 158450 | DX8: 163492 | DY8: 152894 | DZ8: 149769 | EA8: 162249 | EB8: 151921 | EC8: 157994 | ED8: 161269 | EE8: 151090 | EF8: 156561 | EG8: 161337 | EH8: 162605 | EI8: 153265 | EJ8: 160707 | EK8: 163825 | EL8: 154283 | EM8: 162753 | EN8: 160004 | EO8: 166071 | EP8: 168072 | EQ8: 171313 | ER8: 172036 | ES8: 235599 | ET8: 174789 | EU8: 170937 | EV8: 175483 | EW8: 173364 | EX8: 169781 | EY8: 164679 | EZ8: 176574 | FA8: 179398 | FB8: 170957 | FC8: 177338 | FD8: 164710 | FE8: 161834 | FF8: 186536 | FG8: 176442 | FH8: 166040 | FI8: 158087 | FJ8: 173847 | FK8: 164492 | FL8: 174012 | FM8: 160559 | FN8: 162976 | FO8: 161659 | FP8: 144866 | FQ8: 165885 | FR8: 161222 | FS8: 162452 | FT8: 161174 | FU8: 166572 | FV8: 171908 | FW8: 171326 | FX8: 170486 | FY8: 162380 | FZ8: 157127 | GA8: 153647 | GB8: 164357 | GC8: 153291 | GD8: 150694 | GE8: 157155 | GF8: 150734 | GG8: 160009 | GH8: 146046 | GI8: 152922 | GJ8: 143125 | GK8: 147906 | GL8: 142783 | GM8: 151095 | GN8: 141407 | GO8: 137391 | GP8: 137251 | GQ8: 141747 | GR8: 135504 | GS8: 135916 | GT8: 135156 | GU8: 134068 | GV8: 115220 | GW8: 115535 | GX8: 117510 | GY8: 114607 | GZ8: 114790 | HA8: 111891 | HB8: 107285 | HC8: 108460 | HD8: 105714 | HE8: 103874 | HF8: 105786 | HG8: 108060 | HH8: 127770 | HI8: 132791 | HJ8: 141208 | HK8: 162265 | HL8: 161832 | HM8: 167115 | HN8: 174406 | HO8: 172674 | HP8: 175116 | HQ8: 179954 | HR8: 177311 | HS8: 180937 | HT8: 186161 | HU8: 168015 | HV8: 171492 | HW8: 167739 | HX8: 174874 | HY8: 172388 | HZ8: 168611 | IA8: 168025 | IB8: 173518 | IC8: 169322 | ID8: 161671 | IE8: 163751 | IF8: 166342 | IG8: 165969 | IH8: 158286 | II8: 176642 | IJ8: 150763 | IK8: 152012 | IL8: 158892 | IM8: 153173 | IN8: 154052 | IO8: 163893 | IP8: 156798 | IQ8: 146814 | IR8: 159419 | IS8: 160126 | IT8: 148450 | IU8: 142335 | IV8: 145606 | IW8: 136292 | IX8: 151407 | IY8: 148200 | IZ8: 135587 | JA8: 130044 | JB8: 138279 | JC8: 137025 | JD8: 135216 | JE8: 135582 | JF8: 129177 | JG8: 132132 | JH8: 127182 | JI8: 134104 | JJ8: 129908 | JK8: 128297 | JL8: 127885 | JM8: 132836 | JN8: 126174 | JO8: 124471 | JP8: 126251 | JQ8: 125879 | JR8: 127269 | JS8: 121830 | JT8: 119296 | JU8: 117404 | JV8: 119931 | JW8: 118306 | JX8: 117051 | JY8: 119034 | JZ8: 121274 | KA8: 116048 | KB8: 112831 | KC8: 117084 | KD8: 115754 | KE8: 115066 | KF8: 122932 | KG8: 120438 | KH8: 113950 | KI8: 119235 | KJ8: 118664 | KK8: 118940 | KL8: 122233 | KM8: 112406 | KN8: 114782 | KO8: 114240 | KP8: 122937 | KQ8: 115746 | KR8: 120481 | KS8: 120027 | KT8: 126051 | KU8: 126796 | KV8: 123025 | KW8: 131606 | KX8: 130032 | KY8: 129101 | KZ8: 137810 | LA8: 139206 | LB8: 134557 | LC8: 145618 | LD8: 138771 | LE8: 137103 | LF8: 165607 | LG8: 135833 | LH8: 139928 | LI8: 137161 | LJ8: 130377 | LK8: 144856 | LL8: 141778 | LM8: 131897 | LN8: 139509 | LO8: 133870 | LP8: 133941 | LQ8: 134617 | LR8: 127679 | LS8: 130315 | LT8: 128317 | LU8: 129753 | LV8: 129227 | LW8: 132005 | LX8: 124510 | LY8: 128665 | LZ8: 125301 | MA8: 129434 | MB8: 127658 | MC8: 122090 | MD8: 123912 | ME8: 128089 | MF8: 129329 | MG8: 124823 | MH8: 129378 | MI8: 125004 | MJ8: 122759 | MK8: 139761 | ML8: 128062 | MM8: 128051 | MN8: 127334 | MO8: 127337 | MP8: 126186 | MQ8: 120972 | MR8: 125615 | MS8: 119668 | MT8: 122876 | MU8: 114626 | MV8: 117137 | MW8: 124724 | MX8: 119956 | MY8: 118848 | MZ8: 112297 | NA8: 117941 | NB8: 118924 | NC8: 119613 | ND8: 112882 | NE8: 122567 | NF8: 109375 | NG8: 114288 | NH8: 119874 | NI8: 113784 | NJ8: 112366 | NK8: 116838 | NL8: 112114 | NM8: 107267 | NN8: 108462 | NO8: 111257 | NP8: 108608 | NQ8: 110175 | NR8: 110588 | NS8: 107635 | NT8: 108697 | NU8: 107130 | NV8: 107573 | NW8: 104150 | NX8: 103907 | NY8: 103538 | NZ8: 103928 | OA8: 101522 | OB8: 99591 | OC8: 96706 | OD8: 97358 | OE8: 98647 | OF8: 94944 | OG8: 92009 | OH8: 94772 | OI8: 90477 | OJ8: 94226 | OK8: 92023 | OL8: 93493 | OM8: 89831 | ON8: 91131 | OO8: 90529 | OP8: 92361 | OQ8: 85937 | OR8: 91480 | OS8: 87613 | OT8: 93051 | OU8: 86668 | OV8: 85995 | OW8: 87342 | OX8: 88649 | OY8: 91120 | OZ8: 90805 | PA8: 86424 | PB8: 82864
A9: Durable goods industries | B9: DGORDER | C9: 345371 | D9: 339117 | E9: 338700 | F9: 335779 | G9: 333842 | H9: 347767 | I9: 320485 | J9: 316233 | K9: 319975 | L9: 321342 | M9: 324305 | N9: 307570 | O9: 314147 | P9: 312138 | Q9: 303032 | R9: 311761 | S9: 344069 | T9: 295229 | U9: 316215 | V9: 293985 | W9: 291195 | X9: 290559 | Y9: 288340 | Z9: 293266 | AA9: 292469 | AB9: 289926 | AC9: 293234 | AD9: 281128 | AE9: 286829 | AF9: 286972 | AG9: 287423 | AH9: 282623 | AI9: 280614 | AJ9: 304324 | AK9: 298570 | AL9: 285976 | AM9: 298229 | AN9: 289128 | AO9: 293278 | AP9: 303971 | AQ9: 289707 | AR9: 290168 | AS9: 289270 | AT9: 280693 | AU9: 288874 | AV9: 293358 | AW9: 279095 | AX9: 287071 | AY9: 282430 | AZ9: 282368 | BA9: 284460 | BB9: 284763 | BC9: 278740 | BD9: 279157 | BE9: 277554 | BF9: 277036 | BG9: 280925 | BH9: 277487 | BI9: 268650 | BJ9: 263534 | BK9: 259192 | BL9: 264287 | BM9: 259416 | BN9: 258284 | BO9: 253009 | BP9: 252613 | BQ9: 253805 | BR9: 251426 | BS9: 249937 | BT9: 241814 | BU9: 237115 | BV9: 236338 | BW9: 230481 | BX9: 226872 | BY9: 223750 | BZ9: 202777 | CA9: 184417 | CB9: 165166 | CC9: 204710 | CD9: 240355 | CE9: 233656 | CF9: 222265 | CG9: 218719 | CH9: 226218 | CI9: 226791 | CJ9: 230355 | CK9: 228956 | CL9: 224890 | CM9: 224565 | CN9: 232744 | CO9: 240465 | CP9: 231710 | CQ9: 236180 | CR9: 243401 | CS9: 235930 | CT9: 238903 | CU9: 247957 | CV9: 245657 | CW9: 235786 | CX9: 243778 | CY9: 243168 | CZ9: 243872 | DA9: 244343 | DB9: 236950 | DC9: 228219 | DD9: 241711 | DE9: 230235 | DF9: 228333 | DG9: 228782 | DH9: 221312 | DI9: 217739 | DJ9: 236980 | DK9: 222292 | DL9: 224150 | DM9: 222944 | DN9: 221514 | DO9: 219277 | DP9: 219525 | DQ9: 216353 | DR9: 233461 | DS9: 217396 | DT9: 217584 | DU9: 216155 | DV9: 206910 | DW9: 223117 | DX9: 229837 | DY9: 218388 | DZ9: 216792 | EA9: 228982 | EB9: 217570 | EC9: 224319 | ED9: 226517 | EE9: 217744 | EF9: 222335 | EG9: 228347 | EH9: 228948 | EI9: 218316 | EJ9: 225656 | EK9: 230136 | EL9: 217321 | EM9: 225739 | EN9: 225104 | EO9: 228727 | EP9: 233072 | EQ9: 236112 | ER9: 236400 | ES9: 300114 | ET9: 237501 | EU9: 234459 | EV9: 237317 | EW9: 235485 | EX9: 231380 | EY9: 224538 | EZ9: 238481 | FA9: 243831 | FB9: 231736 | FC9: 237493 | FD9: 224721 | FE9: 220831 | FF9: 246567 | FG9: 236942 | FH9: 226467 | FI9: 217480 | FJ9: 234445 | FK9: 223063 | FL9: 231169 | FM9: 217176 | FN9: 218355 | FO9: 216864 | FP9: 200405 | FQ9: 222851 | FR9: 217930 | FS9: 219486 | FT9: 218445 | FU9: 221729 | FV9: 226783 | FW9: 226295 | FX9: 223835 | FY9: 215531 | FZ9: 210799 | GA9: 204738 | GB9: 216705 | GC9: 206458 | GD9: 201579 | GE9: 207170 | GF9: 200733 | GG9: 212748 | GH9: 196393 | GI9: 203636 | GJ9: 193452 | GK9: 197202 | GL9: 193066 | GM9: 201932 | GN9: 191745 | GO9: 187506 | GP9: 185667 | GQ9: 189932 | GR9: 182948 | GS9: 182148 | GT9: 180450 | GU9: 181016 | GV9: 160520 | GW9: 160419 | GX9: 161097 | GY9: 158041 | GZ9: 157489 | HA9: 153691 | HB9: 147033 | HC9: 149255 | HD9: 147467 | HE9: 146323 | HF9: 148834 | HG9: 151085 | HH9: 173849 | HI9: 181552 | HJ9: 191912 | HK9: 215245 | HL9: 214106 | HM9: 220411 | HN9: 229262 | HO9: 227370 | HP9: 231086 | HQ9: 234868 | HR9: 235037 | HS9: 239389 | HT9: 244443 | HU9: 227005 | HV9: 230700 | HW9: 226473 | HX9: 235758 | HY9: 233176 | HZ9: 228868 | IA9: 228836 | IB9: 233420 | IC9: 229526 | ID9: 220962 | IE9: 222969 | IF9: 229243 | IG9: 224809 | IH9: 216952 | II9: 234701 | IJ9: 210473 | IK9: 209494 | IL9: 221220 | IM9: 215819 | IN9: 214625 | IO9: 227188 | IP9: 219738 | IQ9: 209540 | IR9: 221499 | IS9: 220733 | IT9: 209901 | IU9: 203997 | IV9: 204839 | IW9: 194475 | IX9: 210020 | IY9: 206623 | IZ9: 194847 | JA9: 186608 | JB9: 196475 | JC9: 194875 | JD9: 193578 | JE9: 192545 | JF9: 185187 | JG9: 188444 | JH9: 183728 | JI9: 186835 | JJ9: 185640 | JK9: 183459 | JL9: 184368 | JM9: 190869 | JN9: 181662 | JO9: 178696 | JP9: 181513 | JQ9: 181685 | JR9: 183704 | JS9: 178690 | JT9: 173044 | JU9: 173320 | JV9: 173507 | JW9: 171542 | JX9: 169347 | JY9: 172245 | JZ9: 174113 | KA9: 169994 | KB9: 163962 | KC9: 170023 | KD9: 169134 | KE9: 166838 | KF9: 177126 | KG9: 174282 | KH9: 166070 | KI9: 171854 | KJ9: 171852 | KK9: 167853 | KL9: 172406 | KM9: 163324 | KN9: 165304 | KO9: 163811 | KP9: 171530 | KQ9: 164123 | KR9: 170484 | KS9: 170129 | KT9: 176350 | KU9: 177749 | KV9: 171850 | KW9: 182209 | KX9: 180276 | KY9: 177056 | KZ9: 188659 | LA9: 189392 | LB9: 186158 | LC9: 199947 | LD9: 188730 | LE9: 189265 | LF9: 219745 | LG9: 188606 | LH9: 195044 | LI9: 192130 | LJ9: 183911 | LK9: 201360 | LL9: 196344 | LM9: 186597 | LN9: 194547 | LO9: 188910 | LP9: 189414 | LQ9: 189083 | LR9: 182590 | LS9: 185963 | LT9: 182993 | LU9: 184689 | LV9: 185546 | LW9: 186527 | LX9: 178424 | LY9: 182400 | LZ9: 178527 | MA9: 181422 | MB9: 179033 | MC9: 170459 | MD9: 172189 | ME9: 180634 | MF9: 180915 | MG9: 176886 | MH9: 181270 | MI9: 174288 | MJ9: 173770 | MK9: 191187 | ML9: 177801 | MM9: 177835 | MN9: 177302 | MO9: 178860 | MP9: 174828 | MQ9: 168586 | MR9: 174054 | MS9: 167568 | MT9: 170221 | MU9: 161827 | MV9: 162332 | MW9: 170783 | MX9: 165266 | MY9: 165442 | MZ9: 157310 | NA9: 163588 | NB9: 164599 | NC9: 164502 | ND9: 156830 | NE9: 164976 | NF9: 150773 | NG9: 155806 | NH9: 163279 | NI9: 156146 | NJ9: 155473 | NK9: 160175 | NL9: 154372 | NM9: 148915 | NN9: 150051 | NO9: 152838 | NP9: 151401 | NQ9: 152888 | NR9: 153856 | NS9: 150459 | NT9: 152489 | NU9: 150038 | NV9: 149547 | NW9: 145487 | NX9: 145884 | NY9: 145013 | NZ9: 145063 | OA9: 142630 | OB9: 140336 | OC9: 136548 | OD9: 137141 | OE9: 138498 | OF9: 133565 | OG9: 130391 | OH9: 133168 | OI9: 127233 | OJ9: 129378 | OK9: 128111 | OL9: 130212 | OM9: 126529 | ON9: 127395 | OO9: 126762 | OP9: 128854 | OQ9: 121637 | OR9: 126080 | OS9: 122374 | OT9: 127392 | OU9: 120711 | OV9: 120411 | OW9: 122590 | OX9: 122834 | OY9: 125822 | OZ9: 124470 | PA9: 120025 | PB9: 114535
A10: Primary metals | B10: A31SNO | C10: 33010 | D10: 32841 | E10: 32222 | F10: 31548 | G10: 30970 | H10: 29705 | I10: 28927 | J10: 28694 | K10: 28004 | L10: 27677 | M10: 27046 | N10: 27118 | O10: 27408 | P10: 27151 | Q10: 27014 | R10: 26615 | S10: 26361 | T10: 26183 | U10: 26147 | V10: 25965 | W10: 25651 | X10: 25304 | Y10: 26011 | Z10: 25824 | AA10: 26100 | AB10: 25974 | AC10: 25934 | AD10: 26637 | AE10: 26197 | AF10: 26208 | AG10: 25538 | AH10: 25729 | AI10: 25866 | AJ10: 26469 | AK10: 25937 | AL10: 25826 | AM10: 26054 | AN10: 26517 | AO10: 26437 | AP10: 26937 | AQ10: 22094 | AR10: 26457 | AS10: 28512 | AT10: 26558 | AU10: 26968 | AV10: 27087 | AW10: 26624 | AX10: 27168 | AY10: 26993 | AZ10: 25989 | BA10: 26841 | BB10: 27779 | BC10: 28242 | BD10: 27702 | BE10: 27714 | BF10: 26999 | BG10: 27538 | BH10: 28947 | BI10: 26875 | BJ10: 27246 | BK10: 26843 | BL10: 26564 | BM10: 25951 | BN10: 24557 | BO10: 24123 | BP10: 22273 | BQ10: 21209 | BR10: 22993 | BS10: 22482 | BT10: 20751 | BU10: 19691 | BV10: 18576 | BW10: 18349 | BX10: 16965 | BY10: 16041 | BZ10: 15578 | CA10: 14459 | CB10: 13473 | CC10: 16120 | CD10: 18010 | CE10: 17843 | CF10: 18115 | CG10: 18891 | CH10: 18561 | CI10: 19352 | CJ10: 19336 | CK10: 19714 | CL10: 20281 | CM10: 19842 | CN10: 20563 | CO10: 20782 | CP10: 21071 | CQ10: 20236 | CR10: 21771 | CS10: 21290 | CT10: 21685 | CU10: 21826 | CV10: 21586 | CW10: 21946 | CX10: 21701 | CY10: 21603 | CZ10: 21684 | DA10: 20878 | DB10: 20534 | DC10: 19805 | DD10: 19781 | DE10: 19660 | DF10: 19775 | DG10: 18733 | DH10: 19334 | DI10: 18860 | DJ10: 18498 | DK10: 18362 | DL10: 18273 | DM10: 18293 | DN10: 18308 | DO10: 17715 | DP10: 17442 | DQ10: 17302 | DR10: 16812 | DS10: 16665 | DT10: 16703 | DU10: 16816 | DV10: 16414 | DW10: 16526 | DX10: 16639 | DY10: 16327 | DZ10: 16691 | EA10: 17056 | EB10: 17212 | EC10: 17624 | ED10: 17905 | EE10: 18075 | EF10: 18310 | EG10: 18006 | EH10: 19160 | EI10: 19223 | EJ10: 19323 | EK10: 18927 | EL10: 20263 | EM10: 20619 | EN10: 21395 | EO10: 21451 | EP10: 22030 | EQ10: 22759 | ER10: 22142 | ES10: 22743 | ET10: 22330 | EU10: 21981 | EV10: 21912 | EW10: 22182 | EX10: 21655 | EY10: 21595 | EZ10: 21062 | FA10: 22175 | FB10: 22093 | FC10: 21599 | FD10: 21515 | FE10: 21408 | FF10: 21914 | FG10: 21678 | FH10: 22058 | FI10: 21391 | FJ10: 22377 | FK10: 22080 | FL10: 21886 | FM10: 21267 | FN10: 21337 | FO10: 20845 | FP10: 20609 | FQ10: 20694 | FR10: 20945 | FS10: 21411 | FT10: 23293 | FU10: 23131 | FV10: 23486 | FW10: 24188 | FX10: 24927 | FY10: 24544 | FZ10: 23688 | GA10: 23677 | GB10: 23740 | GC10: 23436 | GD10: 22515 | GE10: 23281 | GF10: 22263 | GG10: 23173 | GH10: 21452 | GI10: 23291 | GJ10: 21436 | GK10: 22776 | GL10: 20058 | GM10: 20731 | GN10: 20306 | GO10: 20606 | GP10: 19547 | GQ10: 20568 | GR10: 19979 | GS10: 20286 | GT10: 19066 | GU10: 18835 | GV10: 16177 | GW10: 15670 | GX10: 15692 | GY10: 14787 | GZ10: 14489 | HA10: 13804 | HB10: 13772 | HC10: 11951 | HD10: 11111 | HE10: 11050 | HF10: 12269 | HG10: 12303 | HH10: 13351 | HI10: 16168 | HJ10: 17188 | HK10: 21397 | HL10: 22927 | HM10: 25875 | HN10: 26934 | HO10: 25471 | HP10: 26430 | HQ10: 25772 | HR10: 24974 | HS10: 24326 | HT10: 23632 | HU10: 23789 | HV10: 22939 | HW10: 21745 | HX10: 20679 | HY10: 20204 | HZ10: 19676 | IA10: 22093 | IB10: 22929 | IC10: 21519 | ID10: 20468 | IE10: 20765 | IF10: 20594 | IG10: 19864 | IH10: 20226 | II10: 19898 | IJ10: 19980 | IK10: 20301 | IL10: 20692 | IM10: 20559 | IN10: 19047 | IO10: 18956 | IP10: 18647 | IQ10: 19209 | IR10: 18583 | IS10: 19928 | IT10: 19361 | IU10: 19168 | IV10: 17391 | IW10: 16039 | IX10: 15904 | IY10: 15993 | IZ10: 16057 | JA10: 17074 | JB10: 17475 | JC10: 16813 | JD10: 17269 | JE10: 16541 | JF10: 15374 | JG10: 16170 | JH10: 16523 | JI10: 16498 | JJ10: 15585 | JK10: 15374 | JL10: 14454 | JM10: 15493 | JN10: 14161 | JO10: 13389 | JP10: 12605 | JQ10: 13068 | JR10: 13410 | JS10: 11323 | JT10: 11673 | JU10: 11617 | JV10: 11545 | JW10: 11113 | JX10: 11364 | JY10: 10745 | JZ10: 11588 | KA10: 11809 | KB10: 11201 | KC10: 11273 | KD10: 12133 | KE10: 11828 | KF10: 11915 | KG10: 11561 | KH10: 11907 | KI10: 12152 | KJ10: 11802 | KK10: 11416 | KL10: 11088 | KM10: 11089 | KN10: 11091 | KO10: 10980 | KP10: 10513 | KQ10: 11255 | KR10: 11302 | KS10: 11544 | KT10: 12245 | KU10: 11831 | KV10: 11518 | KW10: 11794 | KX10: 11824 | KY10: 12095 | KZ10: 12254 | LA10: 12173 | LB10: 12329 | LC10: 13000 | LD10: 12101 | LE10: 12733 | LF10: 12627 | LG10: 12240 | LH10: 13303 | LI10: 13412 | LJ10: 13331 | LK10: 13799 | LL10: 13404 | LM10: 13490 | LN10: 13396 | LO10: 13006 | LP10: 13284 | LQ10: 13477 | LR10: 12890 | LS10: 12940 | LT10: 13124 | LU10: 12583 | LV10: 13205 | LW10: 12443 | LX10: 12871 | LY10: 13163 | LZ10: 12307 | MA10: 12850 | MB10: 13363 | MC10: 12751 | MD10: 13333 | ME10: 13758 | MF10: 13800 | MG10: 13946 | MH10: 14299 | MI10: 14058 | MJ10: 14402 | MK10: 15024 | ML10: 14651 | MM10: 14783 | MN10: 14301 | MO10: 14415 | MP10: 14308 | MQ10: 14009 | MR10: 14402 | MS10: 13748 | MT10: 13865 | MU10: 13827 | MV10: 13379 | MW10: 12963 | MX10: 12859 | MY10: 13039 | MZ10: 13363 | NA10: 13554 | NB10: 13617 | NC10: 13666 | ND10: 13126 | NE10: 12676 | NF10: 12550 | NG10: 12893 | NH10: 13544 | NI10: 13411 | NJ10: 13731 | NK10: 13303 | NL10: 13585 | NM10: 12659 | NN10: 12712 | NO10: 12852 | NP10: 13396 | NQ10: 13650 | NR10: 13372 | NS10: 13875 | NT10: 13870 | NU10: 13087 | NV10: 13177 | NW10: 13113 | NX10: 12085 | NY10: 12217 | NZ10: 12102 | OA10: 12012 | OB10: 11530 | OC10: 11727 | OD10: 11246 | OE10: 10842 | OF10: 10659 | OG10: 10830 | OH10: 10919 | OI10: 10836 | OJ10: 10411 | OK10: 10427 | OL10: 10692 | OM10: 10564 | ON10: 10450 | OO10: 11682 | OP10: 10670 | OQ10: 10891 | OR10: 10602 | OS10: 10100 | OT10: 9896 | OU10: 9907 | OV10: 10778 | OW10: 10801 | OX10: 10822 | OY10: 10779 | OZ10: 10452 | PA10: 10283 | PB10: 9777
A11: Iron and steel mills | B11: A31ANO | D11: 17466 | E11: 17309 | F11: 16796 | G11: 16343 | H11: 15689 | I11: 15418 | J11: 14973 | K11: 14617 | L11: 14402 | M11: 14763 | N11: 14841 | O11: 14932 | P11: 14846 | Q11: 14683 | R11: 14663 | S11: 14516 | T11: 14729 | U11: 14559 | V11: 14695 | W11: 14473 | X11: 13942 | Y11: 14352 | Z11: 14428 | AA11: 14680 | AB11: 14348 | AC11: 14506 | AD11: 15035 | AE11: 14169 | AF11: 14409 | AG11: 14412 | AH11: 14758 | AI11: 14690 | AJ11: 15225 | AK11: 14687 | AL11: 14648 | AM11: 14957 | AN11: 14987 | AO11: 14785 | AP11: 15312 | AQ11: 10939 | AR11: 15270 | AS11: 17037 | AT11: 14761 | AU11: 14736 | AV11: 15477 | AW11: 14842 | AX11: 15041 | AY11: 15343 | AZ11: 14460 | BA11: 15458 | BB11: 15069 | BC11: 15002 | BD11: 14527 | BE11: 14314 | BF11: 14242 | BG11: 14628 | BH11: 15661 | BI11: 14896 | BJ11: 15052 | BK11: 14973 | BL11: 14910 | BM11: 14109 | BN11: 13603 | BO11: 13073 | BP11: 12535 | BQ11: 11991 | BR11: 11368 | BS11: 11280 | BT11: 10216 | BU11: 9642 | BV11: 9125 | BW11: 9267 | BX11: 8242 | BY11: 7731 | BZ11: 7572 | CA11: 7245 | CB11: 6563 | CC11: 7771 | CD11: 9094 | CE11: 9040 | CF11: 8744 | CG11: 9028 | CH11: 9011 | CI11: 9379 | CJ11: 9479 | CK11: 9871 | CL11: 9929 | CM11: 9626 | CN11: 10367 | CO11: 10605 | CP11: 10798 | CQ11: 9918 | CR11: 11732 | CS11: 11195 | CT11: 11209 | CU11: 11681 | CV11: 11447 | CW11: 11805 | CX11: 11529 | CY11: 11268 | CZ11: 11384 | DA11: 11090 | DB11: 10581 | DC11: 10250 | DD11: 9955 | DE11: 9904 | DF11: 9985 | DG11: 9354 | DH11: 9537 | DI11: 9353 | DJ11: 9519 | DK11: 9243 | DL11: 8946 | DM11: 8924 | DN11: 8845 | DO11: 8706 | DP11: 8397 | DQ11: 8208 | DR11: 7870 | DS11: 7764 | DT11: 7771 | DU11: 7824 | DV11: 7538 | DW11: 7693 | DX11: 7960 | DY11: 7350 | DZ11: 7727 | EA11: 8021 | EB11: 7769 | EC11: 8040 | ED11: 8389 | EE11: 8335 | EF11: 8705 | EG11: 8605 | EH11: 8826 | EI11: 9050 | EJ11: 9027 | EK11: 8772 | EL11: 9420 | EM11: 9801 | EN11: 10589 | EO11: 10676 | EP11: 11081 | EQ11: 11677 | ER11: 10869 | ES11: 11385 | ET11: 11299 | EU11: 10920 | EV11: 11078 | EW11: 11284 | EX11: 11038 | EY11: 11046 | EZ11: 10336 | FA11: 11603 | FB11: 11141 | FC11: 10688 | FD11: 10778 | FE11: 10559 | FF11: 10780 | FG11: 10594 | FH11: 11244 | FI11: 10712 | FJ11: 11436 | FK11: 10655 | FL11: 11129 | FM11: 10697 | FN11: 11136 | FO11: 10433 | FP11: 10815 | FQ11: 10508 | FR11: 10956 | FS11: 10914 | FT11: 11837 | FU11: 12000 | FV11: 11857 | FW11: 12371 | FX11: 12941 | FY11: 12657 | FZ11: 11643 | GA11: 11977 | GB11: 11686 | GC11: 11358 | GD11: 10313 | GE11: 11885 | GF11: 10814 | GG11: 11729 | GH11: 10214 | GI11: 12302 | GJ11: 10825 | GK11: 11913 | GL11: 9349 | GM11: 9894 | GN11: 9868 | GO11: 10357 | GP11: 9423 | GQ11: 10133 | GR11: 9810 | GS11: 9681 | GT11: 9699 | GU11: 9480 | GV11: 7307 | GW11: 7229 | GX11: 7472 | GY11: 7122 | GZ11: 6786 | HA11: 6481 | HB11: 6941 | HC11: 5436 | HD11: 4746 | HE11: 4305 | HF11: 5738 | HG11: 5455 | HH11: 6235 | HI11: 7140 | HJ11: 8331 | HK11: 10923 | HL11: 12156 | HM11: 15020 | HN11: 15023 | HO11: 14111 | HP11: 14605 | HQ11: 13995 | HR11: 12917 | HS11: 12805 | HT11: 12436 | HU11: 12482 | HV11: 11633 | HW11: 10705 | HX11: 9665 | HY11: 8919 | HZ11: 8544 | IA11: 10682 | IB11: 11651 | IC11: 10830 | ID11: 10030 | IE11: 10185 | IF11: 9601 | IG11: 9373 | IH11: 9714 | II11: 9164 | IJ11: 9223 | IK11: 9649 | IL11: 10028 | IM11: 9887 | IN11: 9334 | IO11: 9361 | IP11: 9153 | IQ11: 9725 | IR11: 9870 | IS11: 10563 | IT11: 10543 | IU11: 9890 | IV11: 8991 | IW11: 7897 | IX11: 7776 | IY11: 7867 | IZ11: 7667 | JA11: 8811 | JB11: 9519 | JC11: 8565 | JD11: 9386 | JE11: 8959 | JF11: 7830 | JG11: 8791 | JH11: 9124 | JI11: 9053 | JJ11: 8346 | JK11: 8045 | JL11: 7441 | JM11: 7665 | JN11: 6803 | JO11: 6328 | JP11: 5963 | JQ11: 6467 | JR11: 6878 | JS11: 5001 | JT11: 5516 | JU11: 5360 | JV11: 5307 | JW11: 5120 | JX11: 5283 | JY11: 4544 | JZ11: 5416 | KA11: 5264 | KB11: 4960 | KC11: 4779 | KD11: 5609 | KE11: 5494 | KF11: 5417 | KG11: 5295 | KH11: 5471 | KI11: 5729 | KJ11: 5466 | KK11: 5244 | KL11: 5015 | KM11: 5134 | KN11: 5088 | KO11: 4832 | KP11: 4519 | KQ11: 5053 | KR11: 4813 | KS11: 5079 | KT11: 5680 | KU11: 5240 | KV11: 5071 | KW11: 5226 | KX11: 5246 | KY11: 5194 | KZ11: 5162 | LA11: 5297 | LB11: 5331 | LC11: 5670 | LD11: 5363 | LE11: 5583 | LF11: 5629 | LG11: 5407 | LH11: 5911 | LI11: 6156 | LJ11: 5936 | LK11: 6446 | LL11: 6182 | LM11: 6380 | LN11: 6183 | LO11: 5851 | LP11: 5981 | LQ11: 5899 | LR11: 5753 | LS11: 5831 | LT11: 5922 | LU11: 5753 | LV11: 6028 | LW11: 5325 | LX11: 5726 | LY11: 5888 | LZ11: 5182 | MA11: 5530 | MB11: 5871 | MC11: 5609 | MD11: 6013 | ME11: 6447 | MF11: 6191 | MG11: 6530 | MH11: 6634 | MI11: 6523 | MJ11: 6936 | MK11: 7055 | ML11: 6915 | MM11: 6621 | MN11: 6516 | MO11: 6794 | MP11: 6550 | MQ11: 6267 | MR11: 6606 | MS11: 6002 | MT11: 6123 | MU11: 6418 | MV11: 5968 | MW11: 5746 | MX11: 5898 | MY11: 6182 | MZ11: 6179 | NA11: 6244 | NB11: 6149 | NC11: 6217 | ND11: 5586 | NE11: 5508 | NF11: 5451 | NG11: 5966 | NH11: 6100 | NI11: 6223 | NJ11: 6248 | NK11: 5930 | NL11: 6201 | NM11: 5693 | NN11: 5756 | NO11: 5842 | NP11: 5908 | NQ11: 6367 | NR11: 6066 | NS11: 6321 | NT11: 6138 | NU11: 5847 | NV11: 5857 | NW11: 6191 | NX11: 5631 | NY11: 5729 | NZ11: 5664 | OA11: 5561 | OB11: 5555 | OC11: 5232 | OD11: 5394 | OE11: 5017 | OF11: 4967 | OG11: 5120 | OH11: 5350 | OI11: 5174 | OJ11: 5004 | OK11: 5148 | OL11: 5234 | OM11: 5242 | ON11: 4977 | OO11: 6114 | OP11: 5182 | OQ11: 5252 | OR11: 5138 | OS11: 4411 | OT11: 4327 | OU11: 4503 | OV11: 4748 | OW11: 4928 | OX11: 4976 | OY11: 4960 | OZ11: 4815 | PA11: 4880 | PB11: 4449
A12: Aluminum and nonferrous metals | B12: AANMNO | D12: 12861 | E12: 12645 | F12: 12546 | G12: 12460 | H12: 11987 | I12: 11534 | J12: 11691 | K12: 11443 | L12: 11213 | M12: 10294 | N12: 10400 | O12: 10612 | P12: 10384 | Q12: 10544 | R12: 10056 | S12: 9982 | T12: 9702 | U12: 9898 | V12: 9577 | W12: 9388 | X12: 9591 | Y12: 9855 | Z12: 9690 | AA12: 9672 | AB12: 9935 | AC12: 9710 | AD12: 9936 | AE12: 10236 | AF12: 10002 | AG12: 9380 | AH12: 9262 | AI12: 9511 | AJ12: 9328 | AK12: 9488 | AL12: 9337 | AM12: 9389 | AN12: 9839 | AO12: 9967 | AP12: 9893 | AQ12: 9441 | AR12: 9440 | AS12: 9739 | AT12: 9998 | AU12: 10518 | AV12: 10023 | AW12: 10108 | AX12: 10476 | AY12: 9956 | AZ12: 9832 | BA12: 9857 | BB12: 11058 | BC12: 11536 | BD12: 11451 | BE12: 11681 | BF12: 11151 | BG12: 11296 | BH12: 11589 | BI12: 10357 | BJ12: 10646 | BK12: 10266 | BL12: 10117 | BM12: 10239 | BN12: 9426 | BO12: 9571 | BP12: 8371 | BQ12: 7857 | BR12: 10309 | BS12: 9831 | BT12: 9297 | BU12: 8717 | BV12: 8085 | BW12: 7862 | BX12: 7514 | BY12: 6970 | BZ12: 6724 | CA12: 6158 | CB12: 5809 | CC12: 7113 | CD12: 7618 | CE12: 7425 | CF12: 8032 | CG12: 8133 | CH12: 8125 | CI12: 8560 | CJ12: 8430 | CK12: 8434 | CL12: 8852 | CM12: 8755 | CN12: 8679 | CO12: 8564 | CP12: 8555 | CQ12: 8779 | CR12: 8648 | CS12: 8759 | CT12: 9160 | CU12: 8785 | CV12: 8777 | CW12: 8807 | CX12: 8856 | CY12: 9076 | CZ12: 9049 | DA12: 8834 | DB12: 8699 | DC12: 8420 | DD12: 8246 | DE12: 8178 | DF12: 8173 | DG12: 7802 | DH12: 8133 | DI12: 7946 | DJ12: 7390 | DK12: 7559 | DL12: 7888 | DM12: 7890 | DN12: 7939 | DO12: 7582 | DP12: 7610 | DQ12: 7659 | DR12: 7533 | DS12: 7490 | DT12: 7679 | DU12: 7721 | DV12: 7619 | DW12: 7416 | DX12: 7208 | DY12: 7501 | DZ12: 7476 | EA12: 7557 | EB12: 7775 | EC12: 8168 | ED12: 7985 | EE12: 8105 | EF12: 8009 | EG12: 7777 | EH12: 8669 | EI12: 8630 | EJ12: 8668 | EK12: 8737 | EL12: 9171 | EM12: 9000 | EN12: 9193 | EO12: 9091 | EP12: 9174 | EQ12: 9353 | ER12: 9562 | ES12: 9551 | ET12: 9338 | EU12: 9352 | EV12: 9152 | EW12: 9218 | EX12: 8975 | EY12: 8939 | EZ12: 9165 | FA12: 8942 | FB12: 9474 | FC12: 9407 | FD12: 9277 | FE12: 9353 | FF12: 9523 | FG12: 9522 | FH12: 9337 | FI12: 9132 | FJ12: 9436 | FK12: 9883 | FL12: 9249 | FM12: 9111 | FN12: 8709 | FO12: 8910 | FP12: 8374 | FQ12: 8586 | FR12: 8473 | FS12: 8844 | FT12: 9725 | FU12: 9505 | FV12: 9827 | FW12: 10127 | FX12: 10308 | FY12: 10302 | FZ12: 10461 | GA12: 10233 | GB12: 10495 | GC12: 10572 | GD12: 10739 | GE12: 9925 | GF12: 9953 | GG12: 9924 | GH12: 9748 | GI12: 9506 | GJ12: 9166 | GK12: 9368 | GL12: 9200 | GM12: 9396 | GN12: 8987 | GO12: 8869 | GP12: 8738 | GQ12: 8993 | GR12: 8757 | GS12: 9194 | GT12: 8071 | GU12: 8055 | GV12: 7600 | GW12: 7278 | GX12: 7156 | GY12: 6506 | GZ12: 6593 | HA12: 6374 | HB12: 5790 | HC12: 5662 | HD12: 5500 | HE12: 5704 | HF12: 5705 | HG12: 5867 | HH12: 6017 | HI12: 7502 | HJ12: 7501 | HK12: 8822 | HL12: 9129 | HM12: 9158 | HN12: 10368 | HO12: 9774 | HP12: 10200 | HQ12: 10218 | HR12: 10441 | HS12: 10045 | HT12: 9691 | HU12: 9787 | HV12: 9781 | HW12: 9472 | HX12: 9475 | HY12: 9699 | HZ12: 9500 | IA12: 9725 | IB12: 9613 | IC12: 9015 | ID12: 8841 | IE12: 8884 | IF12: 9207 | IG12: 8811 | IH12: 8952 | II12: 9093 | IJ12: 9087 | IK12: 8850 | IL12: 8808 | IM12: 8956 | IN12: 7968 | IO12: 7812 | IP12: 7662 | IQ12: 7716 | IR12: 7065 | IS12: 7681 | IT12: 7116 | IU12: 7635 | IV12: 6939 | IW12: 6580 | IX12: 6637 | IY12: 6497 | IZ12: 6722 | JA12: 6793 | JB12: 6498 | JC12: 6637 | JD12: 6361 | JE12: 6088 | JF12: 6044 | JG12: 5906 | JH12: 5904 | JI12: 5963 | JJ12: 5860 | JK12: 5857 | JL12: 5668 | JM12: 6329 | JN12: 5965 | JO12: 5768 | JP12: 5406 | JQ12: 5375 | JR12: 5195 | JS12: 5045 | JT12: 4965 | JU12: 5039 | JV12: 5029 | JW12: 4826 | JX12: 4874 | JY12: 4978 | JZ12: 4876 | KA12: 5289 | KB12: 5144 | KC12: 5089 | KD12: 5277 | KE12: 5104 | KF12: 5225 | KG12: 5100 | KH12: 5167 | KI12: 5194 | KJ12: 5056 | KK12: 4920 | KL12: 4839 | KM12: 4650 | KN12: 4688 | KO12: 4846 | KP12: 4662 | KQ12: 4856 | KR12: 4994 | KS12: 5053 | KT12: 5099 | KU12: 5075 | KV12: 5016 | KW12: 5195 | KX12: 5180 | KY12: 5545 | KZ12: 5553 | LA12: 5367 | LB12: 5495 | LC12: 5858 | LD12: 5352 | LE12: 5554 | LF12: 5452 | LG12: 5312 | LH12: 5866 | LI12: 5695 | LJ12: 5879 | LK12: 5702 | LL12: 5661 | LM12: 5704 | LN12: 5744 | LO12: 5651 | LP12: 5781 | LQ12: 6032 | LR12: 5710 | LS12: 5713 | LT12: 5743 | LU12: 5396 | LV12: 5731 | LW12: 5703 | LX12: 5777 | LY12: 5835 | LZ12: 5695 | MA12: 5973 | MB12: 6109 | MC12: 5814 | MD12: 6048 | ME12: 5874 | MF12: 6200 | MG12: 5816 | MH12: 6040 | MI12: 6089 | MJ12: 5952 | MK12: 6411 | ML12: 6248 | MM12: 6608 | MN12: 6313 | MO12: 6083 | MP12: 6256 | MQ12: 6267 | MR12: 6305 | MS12: 6340 | MT12: 6291 | MU12: 5995 | MV12: 6063 | MW12: 5868 | MX12: 5692 | MY12: 5473 | MZ12: 5778 | NA12: 5898 | NB12: 6038 | NC12: 6124 | ND12: 6226 | NE12: 5912 | NF12: 5795 | NG12: 5653 | NH12: 6306 | NI12: 5990 | NJ12: 6146 | NK12: 6110 | NL12: 6114 | NM12: 5820 | NN12: 5701 | NO12: 5797 | NP12: 6177 | NQ12: 6037 | NR12: 5940 | NS12: 6210 | NT12: 6273 | NU12: 6034 | NV12: 6103 | NW12: 5749 | NX12: 5322 | NY12: 5347 | NZ12: 5261 | OA12: 5232 | OB12: 4889 | OC12: 5241 | OD12: 4737 | OE12: 4679 | OF12: 4638 | OG12: 4590 | OH12: 4435 | OI12: 4544 | OJ12: 4375 | OK12: 4272 | OL12: 4475 | OM12: 4272 | ON12: 4393 | OO12: 4612 | OP12: 4468 | OQ12: 4637 | OR12: 4475 | OS12: 4646 | OT12: 4601 | OU12: 4501 | OV12: 4903 | OW12: 4965 | OX12: 4816 | OY12: 4767 | OZ12: 4641 | PA12: 4433 | PB12: 4515
A13: Ferrous metal foundries | B13: A31CNO | D13: 2277 | E13: 2268 | F13: 2206 | G13: 2167 | H13: 2029 | I13: 1975 | J13: 2030 | K13: 1944 | L13: 2062 | M13: 1989 | N13: 1877 | O13: 1864 | P13: 1921 | Q13: 1787 | R13: 1896 | S13: 1863 | T13: 1752 | U13: 1690 | V13: 1693 | W13: 1790 | X13: 1771 | Y13: 1804 | Z13: 1706 | AA13: 1748 | AB13: 1691 | AC13: 1718 | AD13: 1666 | AE13: 1792 | AF13: 1797 | AG13: 1746 | AH13: 1709 | AI13: 1665 | AJ13: 1916 | AK13: 1762 | AL13: 1841 | AM13: 1708 | AN13: 1691 | AO13: 1685 | AP13: 1732 | AQ13: 1714 | AR13: 1747 | AS13: 1736 | AT13: 1799 | AU13: 1714 | AV13: 1587 | AW13: 1674 | AX13: 1651 | AY13: 1694 | AZ13: 1697 | BA13: 1526 | BB13: 1652 | BC13: 1704 | BD13: 1724 | BE13: 1719 | BF13: 1606 | BG13: 1614 | BH13: 1697 | BI13: 1622 | BJ13: 1548 | BK13: 1604 | BL13: 1537 | BM13: 1603 | BN13: 1528 | BO13: 1479 | BP13: 1367 | BQ13: 1361 | BR13: 1316 | BS13: 1371 | BT13: 1238 | BU13: 1332 | BV13: 1366 | BW13: 1220 | BX13: 1209 | BY13: 1340 | BZ13: 1282 | CA13: 1056 | CB13: 1101 | CC13: 1236 | CD13: 1298 | CE13: 1378 | CF13: 1339 | CG13: 1730 | CH13: 1425 | CI13: 1413 | CJ13: 1427 | CK13: 1409 | CL13: 1500 | CM13: 1461 | CN13: 1517 | CO13: 1613 | CP13: 1718 | CQ13: 1539 | CR13: 1391 | CS13: 1336 | CT13: 1316 | CU13: 1360 | CV13: 1362 | CW13: 1334 | CX13: 1316 | CY13: 1259 | CZ13: 1251 | DA13: 954 | DB13: 1254 | DC13: 1135 | DD13: 1580 | DE13: 1578 | DF13: 1617 | DG13: 1577 | DH13: 1664 | DI13: 1561 | DJ13: 1589 | DK13: 1560 | DL13: 1439 | DM13: 1479 | DN13: 1524 | DO13: 1427 | DP13: 1435 | DQ13: 1435 | DR13: 1409 | DS13: 1411 | DT13: 1253 | DU13: 1271 | DV13: 1257 | DW13: 1417 | DX13: 1471 | DY13: 1476 | DZ13: 1488 | EA13: 1478 | EB13: 1668 | EC13: 1416 | ED13: 1531 | EE13: 1635 | EF13: 1596 | EG13: 1624 | EH13: 1665 | EI13: 1543 | EJ13: 1628 | EK13: 1418 | EL13: 1672 | EM13: 1818 | EN13: 1613 | EO13: 1684 | EP13: 1775 | EQ13: 1729 | ER13: 1711 | ES13: 1807 | ET13: 1693 | EU13: 1709 | EV13: 1682 | EW13: 1680 | EX13: 1642 | EY13: 1610 | EZ13: 1561 | FA13: 1630 | FB13: 1478 | FC13: 1504 | FD13: 1460 | FE13: 1496 | FF13: 1611 | FG13: 1562 | FH13: 1477 | FI13: 1547 | FJ13: 1505 | FK13: 1542 | FL13: 1508 | FM13: 1459 | FN13: 1492 | FO13: 1502 | FP13: 1420 | FQ13: 1600 | FR13: 1516 | FS13: 1653 | FT13: 1731 | FU13: 1626 | FV13: 1802 | FW13: 1690 | FX13: 1678 | FY13: 1585 | FZ13: 1584 | GA13: 1467 | GB13: 1559 | GC13: 1506 | GD13: 1463 | GE13: 1471 | GF13: 1496 | GG13: 1520 | GH13: 1490 | GI13: 1483 | GJ13: 1445 | GK13: 1495 | GL13: 1509 | GM13: 1441 | GN13: 1451 | GO13: 1380 | GP13: 1386 | GQ13: 1442 | GR13: 1412 | GS13: 1411 | GT13: 1296 | GU13: 1300 | GV13: 1270 | GW13: 1163 | GX13: 1064 | GY13: 1159 | GZ13: 1110 | HA13: 949 | HB13: 1041 | HC13: 853 | HD13: 865 | HE13: 1041 | HF13: 826 | HG13: 981 | HH13: 1099 | HI13: 1526 | HJ13: 1356 | HK13: 1652 | HL13: 1642 | HM13: 1697 | HN13: 1543 | HO13: 1586 | HP13: 1625 | HQ13: 1559 | HR13: 1616 | HS13: 1476 | HT13: 1505 | HU13: 1520 | HV13: 1525 | HW13: 1568 | HX13: 1539 | HY13: 1586 | HZ13: 1632 | IA13: 1686 | IB13: 1665 | IC13: 1674 | ID13: 1597 | IE13: 1696 | IF13: 1786 | IG13: 1680 | IH13: 1560 | II13: 1641 | IJ13: 1670 | IK13: 1802 | IL13: 1856 | IM13: 1716 | IN13: 1745 | IO13: 1783 | IP13: 1832 | IQ13: 1768 | IR13: 1648 | IS13: 1684 | IT13: 1702 | IU13: 1643 | IV13: 1461 | IW13: 1562 | IX13: 1491 | IY13: 1629 | IZ13: 1668 | JA13: 1470 | JB13: 1458 | JC13: 1611 | JD13: 1522 | JE13: 1494 | JF13: 1500 | JG13: 1473 | JH13: 1495 | JI13: 1482 | JJ13: 1379 | JK13: 1472 | JL13: 1345 | JM13: 1499 | JN13: 1393 | JO13: 1293 | JP13: 1236 | JQ13: 1226 | JR13: 1337 | JS13: 1277 | JT13: 1192 | JU13: 1218 | JV13: 1209 | JW13: 1167 | JX13: 1207 | JY13: 1223 | JZ13: 1296 | KA13: 1256 | KB13: 1097 | KC13: 1405 | KD13: 1247 | KE13: 1230 | KF13: 1273 | KG13: 1166 | KH13: 1269 | KI13: 1229 | KJ13: 1280 | KK13: 1252 | KL13: 1234 | KM13: 1305 | KN13: 1315 | KO13: 1302 | KP13: 1332 | KQ13: 1346 | KR13: 1495 | KS13: 1412 | KT13: 1466 | KU13: 1516 | KV13: 1431 | KW13: 1373 | KX13: 1398 | KY13: 1356 | KZ13: 1539 | LA13: 1509 | LB13: 1503 | LC13: 1472 | LD13: 1386 | LE13: 1596 | LF13: 1546 | LG13: 1521 | LH13: 1526 | LI13: 1561 | LJ13: 1516 | LK13: 1651 | LL13: 1561 | LM13: 1406 | LN13: 1469 | LO13: 1504 | LP13: 1522 | LQ13: 1546 | LR13: 1427 | LS13: 1396 | LT13: 1459 | LU13: 1434 | LV13: 1446 | LW13: 1415 | LX13: 1368 | LY13: 1440 | LZ13: 1430 | MA13: 1347 | MB13: 1383 | MC13: 1328 | MD13: 1272 | ME13: 1437 | MF13: 1409 | MG13: 1600 | MH13: 1625 | MI13: 1446 | MJ13: 1514 | MK13: 1558 | ML13: 1488 | MM13: 1554 | MN13: 1472 | MO13: 1538 | MP13: 1502 | MQ13: 1475 | MR13: 1491 | MS13: 1406 | MT13: 1451 | MU13: 1414 | MV13: 1348 | MW13: 1349 | MX13: 1269 | MY13: 1384 | MZ13: 1406 | NA13: 1412 | NB13: 1430 | NC13: 1325 | ND13: 1314 | NE13: 1256 | NF13: 1304 | NG13: 1274 | NH13: 1138 | NI13: 1198 | NJ13: 1337 | NK13: 1263 | NL13: 1270 | NM13: 1146 | NN13: 1255 | NO13: 1213 | NP13: 1311 | NQ13: 1246 | NR13: 1366 | NS13: 1344 | NT13: 1459 | NU13: 1206 | NV13: 1217 | NW13: 1173 | NX13: 1132 | NY13: 1141 | NZ13: 1177 | OA13: 1219 | OB13: 1086 | OC13: 1254 | OD13: 1115 | OE13: 1146 | OF13: 1054 | OG13: 1120 | OH13: 1134 | OI13: 1118 | OJ13: 1032 | OK13: 1007 | OL13: 983 | OM13: 1050 | ON13: 1080 | OO13: 956 | OP13: 1020 | OQ13: 1002 | OR13: 989 | OS13: 1043 | OT13: 968 | OU13: 903 | OV13: 1127 | OW13: 908 | OX13: 1030 | OY13: 1052 | OZ13: 996 | PA13: 970 | PB13: 813
A14: Fabricated metal products | B14: A32SNO | C14: 45159 | D14: 44992 | E14: 45609 | F14: 45420 | G14: 45464 | H14: 44822 | I14: 43025 | J14: 43030 | K14: 42565 | L14: 42574 | M14: 42213 | N14: 42018 | O14: 41707 | P14: 41394 | Q14: 41188 | R14: 40843 | S14: 40872 | T14: 40423 | U14: 40218 | V14: 40599 | W14: 40406 | X14: 41169 | Y14: 40301 | Z14: 41795 | AA14: 41258 | AB14: 40024 | AC14: 39737 | AD14: 39685 | AE14: 39825 | AF14: 39553 | AG14: 39348 | AH14: 39276 | AI14: 39301 | AJ14: 39924 | AK14: 39676 | AL14: 39940 | AM14: 39798 | AN14: 39457 | AO14: 39458 | AP14: 38861 | AQ14: 38535 | AR14: 38629 | AS14: 39310 | AT14: 38695 | AU14: 39019 | AV14: 39519 | AW14: 39635 | AX14: 39883 | AY14: 39608 | AZ14: 39951 | BA14: 40644 | BB14: 39881 | BC14: 39582 | BD14: 40030 | BE14: 39715 | BF14: 39647 | BG14: 39489 | BH14: 39760 | BI14: 37610 | BJ14: 37715 | BK14: 37708 | BL14: 37225 | BM14: 36156 | BN14: 36540 | BO14: 35421 | BP14: 37952 | BQ14: 37115 | BR14: 35379 | BS14: 34977 | BT14: 33267 | BU14: 32089 | BV14: 32314 | BW14: 32325 | BX14: 30314 | BY14: 30995 | BZ14: 29605 | CA14: 26943 | CB14: 25468 | CC14: 29525 | CD14: 31603 | CE14: 31794 | CF14: 32485 | CG14: 33070 | CH14: 33001 | CI14: 32419 | CJ14: 33375 | CK14: 33284 | CL14: 33414 | CM14: 32925 | CN14: 33094 | CO14: 32325 | CP14: 33217 | CQ14: 32982 | CR14: 33171 | CS14: 32949 | CT14: 32503 | CU14: 32125 | CV14: 32655 | CW14: 32913 | CX14: 33076 | CY14: 32930 | CZ14: 32643 | DA14: 32302 | DB14: 31675 | DC14: 31205 | DD14: 30763 | DE14: 30079 | DF14: 29705 | DG14: 29745 | DH14: 29132 | DI14: 28714 | DJ14: 28479 | DK14: 28643 | DL14: 28116 | DM14: 28797 | DN14: 27431 | DO14: 27938 | DP14: 27770 | DQ14: 28354 | DR14: 28264 | DS14: 27222 | DT14: 27585 | DU14: 27761 | DV14: 27516 | DW14: 27941 | DX14: 28324 | DY14: 27137 | DZ14: 28079 | EA14: 28421 | EB14: 28155 | EC14: 27752 | ED14: 27574 | EE14: 28435 | EF14: 27708 | EG14: 28546 | EH14: 28605 | EI14: 28026 | EJ14: 28105 | EK14: 28217 | EL14: 28333 | EM14: 28174 | EN14: 30410 | EO14: 30118 | EP14: 30311 | EQ14: 30313 | ER14: 30120 | ES14: 29905 | ET14: 29661 | EU14: 30090 | EV14: 29381 | EW14: 29234 | EX14: 29227 | EY14: 29120 | EZ14: 27282 | FA14: 28935 | FB14: 28507 | FC14: 28775 | FD14: 28933 | FE14: 28714 | FF14: 28916 | FG14: 28878 | FH14: 29472 | FI14: 29366 | FJ14: 29182 | FK14: 30237 | FL14: 27326 | FM14: 28657 | FN14: 28320 | FO14: 28143 | FP14: 28166 | FQ14: 28404 | FR14: 28513 | FS14: 28405 | FT14: 29096 | FU14: 29651 | FV14: 29623 | FW14: 29252 | FX14: 28750 | FY14: 28914 | FZ14: 28260 | GA14: 28199 | GB14: 27147 | GC14: 27687 | GD14: 27642 | GE14: 26860 | GF14: 26745 | GG14: 27507 | GH14: 27299 | GI14: 25422 | GJ14: 26674 | GK14: 26577 | GL14: 25119 | GM14: 25593 | GN14: 25976 | GO14: 25333 | GP14: 25309 | GQ14: 24995 | GR14: 25292 | GS14: 25084 | GT14: 24533 | GU14: 23783 | GV14: 23198 | GW14: 23389 | GX14: 23955 | GY14: 23168 | GZ14: 22009 | HA14: 21937 | HB14: 20521 | HC14: 21580 | HD14: 21498 | HE14: 21479 | HF14: 21879 | HG14: 22077 | HH14: 25609 | HI14: 26774 | HJ14: 28317 | HK14: 28674 | HL14: 30170 | HM14: 30437 | HN14: 31511 | HO14: 31195 | HP14: 31306 | HQ14: 31419 | HR14: 30063 | HS14: 30827 | HT14: 30547 | HU14: 29709 | HV14: 29748 | HW14: 28710 | HX14: 29552 | HY14: 29163 | HZ14: 29553 | IA14: 29147 | IB14: 29030 | IC14: 28215 | ID14: 28441 | IE14: 28777 | IF14: 28236 | IG14: 26718 | IH14: 26339 | II14: 27296 | IJ14: 26893 | IK14: 26765 | IL14: 28158 | IM14: 27188 | IN14: 27070 | IO14: 26917 | IP14: 26958 | IQ14: 26650 | IR14: 26292 | IS14: 25935 | IT14: 25995 | IU14: 25640 | IV14: 25141 | IW14: 24118 | IX14: 25443 | IY14: 24736 | IZ14: 24485 | JA14: 23457 | JB14: 24212 | JC14: 23898 | JD14: 23348 | JE14: 23405 | JF14: 23551 | JG14: 21577 | JH14: 22852 | JI14: 21640 | JJ14: 21993 | JK14: 21582 | JL14: 22757 | JM14: 22733 | JN14: 21462 | JO14: 22072 | JP14: 21426 | JQ14: 21712 | JR14: 21506 | JS14: 20865 | JT14: 20307 | JU14: 20770 | JV14: 20561 | JW14: 20214 | JX14: 19592 | JY14: 20539 | JZ14: 22329 | KA14: 19617 | KB14: 19732 | KC14: 20532 | KD14: 20837 | KE14: 21007 | KF14: 19979 | KG14: 20661 | KH14: 20378 | KI14: 20891 | KJ14: 20494 | KK14: 20098 | KL14: 19926 | KM14: 19916 | KN14: 20477 | KO14: 19578 | KP14: 19638 | KQ14: 19635 | KR14: 21005 | KS14: 20946 | KT14: 21156 | KU14: 22847 | KV14: 20805 | KW14: 21372 | KX14: 21320 | KY14: 21713 | KZ14: 22772 | LA14: 22081 | LB14: 22433 | LC14: 22509 | LD14: 22542 | LE14: 22243 | LF14: 22608 | LG14: 22256 | LH14: 23277 | LI14: 22730 | LJ14: 21512 | LK14: 22789 | LL14: 22969 | LM14: 22074 | LN14: 21459 | LO14: 21736 | LP14: 21576 | LQ14: 21342 | LR14: 21289 | LS14: 21339 | LT14: 20705 | LU14: 21051 | LV14: 21503 | LW14: 21293 | LX14: 21059 | LY14: 21769 | LZ14: 20522 | MA14: 20884 | MB14: 20724 | MC14: 21032 | MD14: 21308 | ME14: 21131 | MF14: 21524 | MG14: 21318 | MH14: 21645 | MI14: 21060 | MJ14: 21125 | MK14: 21102 | ML14: 21183 | MM14: 21539 | MN14: 20688 | MO14: 20438 | MP14: 21148 | MQ14: 20185 | MR14: 20978 | MS14: 20190 | MT14: 20169 | MU14: 19304 | MV14: 19364 | MW14: 19495 | MX14: 19101 | MY14: 19973 | MZ14: 19459 | NA14: 18982 | NB14: 19293 | NC14: 19020 | ND14: 18870 | NE14: 18301 | NF14: 17150 | NG14: 17960 | NH14: 18386 | NI14: 17996 | NJ14: 18112 | NK14: 17796 | NL14: 17768 | NM14: 17685 | NN14: 17425 | NO14: 18061 | NP14: 17693 | NQ14: 17741 | NR14: 17932 | NS14: 18222 | NT14: 17561 | NU14: 17125 | NV14: 16853 | NW14: 16326 | NX14: 16767 | NY14: 16502 | NZ14: 16443 | OA14: 16252 | OB14: 15786 | OC14: 16330 | OD14: 15294 | OE14: 15603 | OF14: 16356 | OG14: 14524 | OH14: 15188 | OI14: 15065 | OJ14: 14787 | OK14: 14738 | OL14: 14456 | OM14: 14205 | ON14: 14368 | OO14: 14265 | OP14: 14272 | OQ14: 13919 | OR14: 14938 | OS14: 14301 | OT14: 14541 | OU14: 14560 | OV14: 14156 | OW14: 13991 | OX14: 14416 | OY14: 14086 | OZ14: 13441 | PA14: 13542 | PB14: 13385
A15: Machinery | B15: A33SNO | C15: 45977 | D15: 45443 | E15: 44980 | F15: 44307 | G15: 43740 | H15: 42516 | I15: 41963 | J15: 41453 | K15: 40501 | L15: 40255 | M15: 40170 | N15: 39871 | O15: 39599 | P15: 39538 | Q15: 38708 | R15: 38182 | S15: 38012 | T15: 37862 | U15: 37849 | V15: 37639 | W15: 37994 | X15: 36678 | Y15: 37154 | Z15: 36397 | AA15: 37325 | AB15: 36950 | AC15: 36796 | AD15: 37005 | AE15: 36439 | AF15: 37084 | AG15: 36758 | AH15: 37035 | AI15: 36497 | AJ15: 37465 | AK15: 37063 | AL15: 37469 | AM15: 37626 | AN15: 37497 | AO15: 38337 | AP15: 37447 | AQ15: 38438 | AR15: 37578 | AS15: 37380 | AT15: 37387 | AU15: 37937 | AV15: 38348 | AW15: 39352 | AX15: 39100 | AY15: 38664 | AZ15: 39102 | BA15: 38657 | BB15: 38820 | BC15: 39016 | BD15: 38654 | BE15: 38441 | BF15: 38296 | BG15: 38412 | BH15: 37757 | BI15: 37258 | BJ15: 37268 | BK15: 36766 | BL15: 36693 | BM15: 36723 | BN15: 35681 | BO15: 35479 | BP15: 35682 | BQ15: 35030 | BR15: 34152 | BS15: 33000 | BT15: 33304 | BU15: 31572 | BV15: 31575 | BW15: 31418 | BX15: 30650 | BY15: 30244 | BZ15: 29509 | CA15: 28573 | CB15: 27723 | CC15: 31268 | CD15: 31462 | CE15: 31680 | CF15: 31579 | CG15: 32737 | CH15: 33303 | CI15: 33186 | CJ15: 33129 | CK15: 32786 | CL15: 33224 | CM15: 33529 | CN15: 33505 | CO15: 33568 | CP15: 34089 | CQ15: 34303 | CR15: 33118 | CS15: 32721 | CT15: 35048 | CU15: 34288 | CV15: 33989 | CW15: 34858 | CX15: 34039 | CY15: 33889 | CZ15: 32804 | DA15: 32570 | DB15: 33351 | DC15: 32205 | DD15: 31915 | DE15: 31201 | DF15: 32048 | DG15: 30855 | DH15: 30320 | DI15: 30469 | DJ15: 30140 | DK15: 30713 | DL15: 30315 | DM15: 30492 | DN15: 29606 | DO15: 29736 | DP15: 28960 | DQ15: 29059 | DR15: 28948 | DS15: 28959 | DT15: 29208 | DU15: 28920 | DV15: 28099 | DW15: 27986 | DX15: 28683 | DY15: 29153 | DZ15: 29293 | EA15: 30165 | EB15: 28334 | EC15: 30618 | ED15: 31394 | EE15: 31225 | EF15: 31444 | EG15: 30938 | EH15: 31203 | EI15: 30690 | EJ15: 31056 | EK15: 31540 | EL15: 31182 | EM15: 31872 | EN15: 31049 | EO15: 31032 | EP15: 32400 | EQ15: 34601 | ER15: 34119 | ES15: 32805 | ET15: 35063 | EU15: 32774 | EV15: 33042 | EW15: 34370 | EX15: 34065 | EY15: 34088 | EZ15: 34202 | FA15: 33306 | FB15: 31337 | FC15: 31377 | FD15: 30778 | FE15: 32305 | FF15: 32455 | FG15: 32293 | FH15: 31964 | FI15: 31295 | FJ15: 32428 | FK15: 34375 | FL15: 31534 | FM15: 32408 | FN15: 32961 | FO15: 31283 | FP15: 29819 | FQ15: 32066 | FR15: 34261 | FS15: 34219 | FT15: 33047 | FU15: 34927 | FV15: 34586 | FW15: 33034 | FX15: 35470 | FY15: 31837 | FZ15: 34010 | GA15: 31862 | GB15: 31708 | GC15: 33029 | GD15: 32015 | GE15: 32496 | GF15: 30709 | GG15: 31078 | GH15: 28160 | GI15: 29851 | GJ15: 32533 | GK15: 29238 | GL15: 28437 | GM15: 29896 | GN15: 28354 | GO15: 27142 | GP15: 30528 | GQ15: 29255 | GR15: 23394 | GS15: 27302 | GT15: 24743 | GU15: 23345 | GV15: 24802 | GW15: 23043 | GX15: 22448 | GY15: 23728 | GZ15: 21197 | HA15: 21507 | HB15: 21809 | HC15: 20673 | HD15: 19419 | HE15: 19798 | HF15: 20697 | HG15: 20343 | HH15: 24149 | HI15: 27493 | HJ15: 27577 | HK15: 30885 | HL15: 30317 | HM15: 32448 | HN15: 30963 | HO15: 31466 | HP15: 33586 | HQ15: 32974 | HR15: 29328 | HS15: 32472 | HT15: 32705 | HU15: 30210 | HV15: 30291 | HW15: 30400 | HX15: 30825 | HY15: 31550 | HZ15: 29693 | IA15: 29128 | IB15: 30183 | IC15: 31639 | ID15: 28352 | IE15: 27673 | IF15: 30928 | IG15: 28551 | IH15: 30762 | II15: 28789 | IJ15: 27686 | IK15: 28275 | IL15: 28395 | IM15: 29140 | IN15: 27795 | IO15: 28408 | IP15: 27412 | IQ15: 28600 | IR15: 28141 | IS15: 27824 | IT15: 26756 | IU15: 26137 | IV15: 26171 | IW15: 25352 | IX15: 26630 | IY15: 25263 | IZ15: 25870 | JA15: 24669 | JB15: 25853 | JC15: 25472 | JD15: 25685 | JE15: 24024 | JF15: 24451 | JG15: 24828 | JH15: 22901 | JI15: 22842 | JJ15: 23409 | JK15: 22984 | JL15: 22639 | JM15: 24203 | JN15: 22280 | JO15: 21702 | JP15: 22836 | JQ15: 22707 | JR15: 20960 | JS15: 21904 | JT15: 21883 | JU15: 21034 | JV15: 21493 | JW15: 20967 | JX15: 20629 | JY15: 22278 | JZ15: 20695 | KA15: 20885 | KB15: 20998 | KC15: 21052 | KD15: 21100 | KE15: 21476 | KF15: 20838 | KG15: 20935 | KH15: 19998 | KI15: 20921 | KJ15: 20288 | KK15: 19389 | KL15: 19390 | KM15: 19237 | KN15: 20559 | KO15: 20582 | KP15: 19904 | KQ15: 21984 | KR15: 22182 | KS15: 21166 | KT15: 22334 | KU15: 22483 | KV15: 21451 | KW15: 22227 | KX15: 23363 | KY15: 23462 | KZ15: 23986 | LA15: 23150 | LB15: 23556 | LC15: 25709 | LD15: 24960 | LE15: 25085 | LF15: 25604 | LG15: 24512 | LH15: 25145 | LI15: 24874 | LJ15: 22649 | LK15: 25307 | LL15: 24118 | LM15: 23676 | LN15: 24170 | LO15: 24588 | LP15: 23146 | LQ15: 23036 | LR15: 22813 | LS15: 22669 | LT15: 23167 | LU15: 22128 | LV15: 22203 | LW15: 22271 | LX15: 24028 | LY15: 22128 | LZ15: 22408 | MA15: 24270 | MB15: 22853 | MC15: 23061 | MD15: 23698 | ME15: 23232 | MF15: 22388 | MG15: 23909 | MH15: 23100 | MI15: 22396 | MJ15: 23903 | MK15: 23746 | ML15: 23945 | MM15: 24114 | MN15: 23774 | MO15: 22815 | MP15: 22520 | MQ15: 21492 | MR15: 22429 | MS15: 22450 | MT15: 21467 | MU15: 20733 | MV15: 22992 | MW15: 21723 | MX15: 21054 | MY15: 22243 | MZ15: 21424 | NA15: 21040 | NB15: 22400 | NC15: 21649 | ND15: 20134 | NE15: 21010 | NF15: 21265 | NG15: 21185 | NH15: 23004 | NI15: 21392 | NJ15: 21537 | NK15: 22008 | NL15: 21215 | NM15: 19780 | NN15: 21247 | NO15: 20610 | NP15: 19901 | NQ15: 20090 | NR15: 20278 | NS15: 20813 | NT15: 20949 | NU15: 20783 | NV15: 20784 | NW15: 19847 | NX15: 20035 | NY15: 19528 | NZ15: 20095 | OA15: 18973 | OB15: 18595 | OC15: 17949 | OD15: 18254 | OE15: 17444 | OF15: 19964 | OG15: 17210 | OH15: 17276 | OI15: 17396 | OJ15: 16913 | OK15: 16926 | OL15: 16781 | OM15: 16437 | ON15: 16200 | OO15: 16021 | OP15: 15365 | OQ15: 16286 | OR15: 16704 | OS15: 16071 | OT15: 15630 | OU15: 16511 | OV15: 15379 | OW15: 15458 | OX15: 16029 | OY15: 15439 | OZ15: 15704 | PA15: 15050 | PB15: 14202
A16: Construction machinery | B16: A33CNO | D16: 5017 | E16: 4678 | F16: 5119 | G16: 5013 | H16: 4734 | I16: 4740 | J16: 4572 | K16: 4099 | L16: 4295 | M16: 4545 | N16: 4624 | O16: 4697 | P16: 4937 | Q16: 4375 | R16: 4012 | S16: 4057 | T16: 3940 | U16: 4066 | V16: 3801 | W16: 3776 | X16: 3636 | Y16: 3531 | Z16: 3408 | AA16: 3435 | AB16: 3353 | AC16: 3569 | AD16: 3963 | AE16: 3677 | AF16: 4084 | AG16: 3675 | AH16: 3624 | AI16: 3730 | AJ16: 3934 | AK16: 3757 | AL16: 3749 | AM16: 3706 | AN16: 3659 | AO16: 3741 | AP16: 3800 | AQ16: 3832 | AR16: 3772 | AS16: 3704 | AT16: 3266 | AU16: 3562 | AV16: 3733 | AW16: 4113 | AX16: 3926 | AY16: 3155 | AZ16: 4170 | BA16: 3718 | BB16: 3776 | BC16: 3720 | BD16: 3578 | BE16: 3700 | BF16: 3593 | BG16: 3482 | BH16: 3186 | BI16: 3155 | BJ16: 3225 | BK16: 3545 | BL16: 3625 | BM16: 3217 | BN16: 3379 | BO16: 3249 | BP16: 3183 | BQ16: 3387 | BR16: 3310 | BS16: 3351 | BT16: 3125 | BU16: 2950 | BV16: 2668 | BW16: 2547 | BX16: 2687 | BY16: 2550 | BZ16: 2220 | CA16: 2388 | CB16: 1649 | CC16: 2381 | CD16: 2363 | CE16: 3021 | CF16: 2906 | CG16: 2818 | CH16: 3222 | CI16: 3046 | CJ16: 3164 | CK16: 2996 | CL16: 2863 | CM16: 3044 | CN16: 3063 | CO16: 3343 | CP16: 3314 | CQ16: 3049 | CR16: 3046 | CS16: 3176 | CT16: 2940 | CU16: 3232 | CV16: 2899 | CW16: 3289 | CX16: 3075 | CY16: 3008 | CZ16: 2881 | DA16: 2767 | DB16: 2768 | DC16: 2748 | DD16: 2790 | DE16: 2263 | DF16: 3070 | DG16: 2907 | DH16: 2731 | DI16: 2957 | DJ16: 2315 | DK16: 2753 | DL16: 2834 | DM16: 2923 | DN16: 2654 | DO16: 2668 | DP16: 2647 | DQ16: 2723 | DR16: 2636 | DS16: 2172 | DT16: 2267 | DU16: 2285 | DV16: 2090 | DW16: 2232 | DX16: 2288 | DY16: 2260 | DZ16: 2338 | EA16: 2290 | EB16: 2446 | EC16: 2364 | ED16: 2351 | EE16: 2368 | EF16: 2465 | EG16: 2323 | EH16: 2426 | EI16: 2368 | EJ16: 2431 | EK16: 2324 | EL16: 2579 | EM16: 2528 | EN16: 2565 | EO16: 2592 | EP16: 2703 | EQ16: 2883 | ER16: 3343 | ES16: 3032 | ET16: 3146 | EU16: 3375 | EV16: 3353 | EW16: 3596 | EX16: 3120 | EY16: 3142 | EZ16: 2901 | FA16: 2811 | FB16: 2614 | FC16: 2551 | FD16: 2285 | FE16: 2305 | FF16: 2604 | FG16: 2353 | FH16: 2309 | FI16: 2074 | FJ16: 2373 | FK16: 4020 | FL16: 2567 | FM16: 2753 | FN16: 3590 | FO16: 3298 | FP16: 3358 | FQ16: 3546 | FR16: 3350 | FS16: 3015 | FT16: 3265 | FU16: 3067 | FV16: 3392 | FW16: 3753 | FX16: 3052 | FY16: 3320 | FZ16: 3697 | GA16: 3582 | GB16: 2407 | GC16: 4070 | GD16: 3237 | GE16: 2870 | GF16: 3213 | GG16: 3153 | GH16: 3011 | GI16: 3152 | GJ16: 3300 | GK16: 3534 | GL16: 2895 | GM16: 2752 | GN16: 2903 | GO16: 2990 | GP16: 2374 | GQ16: 3033 | GR16: 2395 | GS16: 2913 | GT16: 1651 | GU16: 1820 | GV16: 1652 | GW16: 1393 | GX16: 1457 | GY16: 2231 | GZ16: 1140 | HA16: 1497 | HB16: 1365 | HC16: 1024 | HD16: 930 | HE16: 711 | HF16: 877 | HG16: 897 | HH16: 1285 | HI16: 2041 | HJ16: 2125 | HK16: 3092 | HL16: 3266 | HM16: 3565 | HN16: 3228 | HO16: 3783 | HP16: 4071 | HQ16: 5503 | HR16: 1817 | HS16: 3755 | HT16: 3275 | HU16: 2774 | HV16: 2250 | HW16: 2813 | HX16: 3514 | HY16: 4970 | HZ16: 3261 | IA16: 2570 | IB16: 3160 | IC16: 4776 | ID16: 2265 | IE16: 2809 | IF16: 3741 | IG16: 3348 | IH16: 4119 | II16: 4324 | IJ16: 2451 | IK16: 2657 | IL16: 3494 | IM16: 3604 | IN16: 2856 | IO16: 2888 | IP16: 2708 | IQ16: 2705 | IR16: 3027 | IS16: 3114 | IT16: 3028 | IU16: 2530 | IV16: 3277 | IW16: 2569 | IX16: 3291 | IY16: 2910 | IZ16: 2751 | JA16: 2569 | JB16: 2707 | JC16: 2912 | JD16: 2747 | JE16: 2619 | JF16: 2517 | JG16: 2552 | JH16: 2151 | JI16: 1950 | JJ16: 1955 | JK16: 1966 | JL16: 2190 | JM16: 2502 | JN16: 2976 | JO16: 1996 | JP16: 1783 | JQ16: 2215 | JR16: 1687 | JS16: 1898 | JT16: 1744 | JU16: 2102 | JV16: 1636 | JW16: 1785 | JX16: 1733 | JY16: 1559 | JZ16: 1447 | KA16: 1431 | KB16: 1666 | KC16: 1553 | KD16: 1653 | KE16: 1463 | KF16: 1681 | KG16: 1553 | KH16: 1613 | KI16: 1571 | KJ16: 1738 | KK16: 1576 | KL16: 1433 | KM16: 1619 | KN16: 1550 | KO16: 1503 | KP16: 1466 | KQ16: 1687 | KR16: 1811 | KS16: 1788 | KT16: 1766 | KU16: 1750 | KV16: 1619 | KW16: 1758 | KX16: 1806 | KY16: 1761 | KZ16: 1909 | LA16: 1691 | LB16: 1801 | LC16: 1765 | LD16: 1650 | LE16: 1773 | LF16: 1868 | LG16: 1927 | LH16: 1916 | LI16: 1972 | LJ16: 2097 | LK16: 1770 | LL16: 1810 | LM16: 1961 | LN16: 1530 | LO16: 1747 | LP16: 1590 | LQ16: 1615 | LR16: 1604 | LS16: 1660 | LT16: 1815 | LU16: 1893 | LV16: 1801 | LW16: 2049 | LX16: 2212 | LY16: 1695 | LZ16: 1924 | MA16: 1803 | MB16: 2022 | MC16: 2025 | MD16: 2075 | ME16: 1967 | MF16: 1852 | MG16: 1836 | MH16: 2171 | MI16: 2031 | MJ16: 2229 | MK16: 1655 | ML16: 1901 | MM16: 1985 | MN16: 1955 | MO16: 1886 | MP16: 1793 | MQ16: 1775 | MR16: 1868 | MS16: 1917 | MT16: 1663 | MU16: 1720 | MV16: 1740 | MW16: 1783 | MX16: 1172 | MY16: 1660 | MZ16: 1636 | NA16: 1708 | NB16: 1782 | NC16: 1699 | ND16: 1624 | NE16: 1592 | NF16: 1729 | NG16: 1550 | NH16: 1964 | NI16: 1553 | NJ16: 2274 | NK16: 1822 | NL16: 1577 | NM16: 1502 | NN16: 1433 | NO16: 1474 | NP16: 1536 | NQ16: 1554 | NR16: 1470 | NS16: 1577 | NT16: 1545 | NU16: 1506 | NV16: 1453 | NW16: 1436 | NX16: 1337 | NY16: 1475 | NZ16: 1476 | OA16: 1393 | OB16: 1455 | OC16: 1420 | OD16: 1438 | OE16: 1370 | OF16: 1325 | OG16: 1230 | OH16: 1342 | OI16: 1287 | OJ16: 1291 | OK16: 1329 | OL16: 1238 | OM16: 1284 | ON16: 1192 | OO16: 1136 | OP16: 1073 | OQ16: 1142 | OR16: 1062 | OS16: 1010 | OT16: 1432 | OU16: 1325 | OV16: 948 | OW16: 1019 | OX16: 1060 | OY16: 1117 | OZ16: 859 | PA16: 979 | PB16: 947
A17: Mining, oil field, and gas field machinery | B17: A33DNO | D17: 1857 | E17: 1696 | F17: 1660 | G17: 2235 | H17: 2013 | I17: 1546 | J17: 1846 | K17: 1610 | L17: 1504 | M17: 1390 | N17: 1185 | O17: 1258 | P17: 1543 | Q17: 1257 | R17: 1279 | S17: 1265 | T17: 1422 | U17: 1175 | V17: 1404 | W17: 1253 | X17: 1266 | Y17: 1458 | Z17: 1525 | AA17: 1303 | AB17: 1271 | AC17: 1525 | AD17: 1304 | AE17: 1262 | AF17: 1458 | AG17: 1353 | AH17: 1507 | AI17: 1448 | AJ17: 1354 | AK17: 1364 | AL17: 1518 | AM17: 1452 | AN17: 1529 | AO17: 1484 | AP17: 1325 | AQ17: 1506 | AR17: 1591 | AS17: 1384 | AT17: 1738 | AU17: 1481 | AV17: 1401 | AW17: 1296 | AX17: 1350 | AY17: 1317 | AZ17: 1447 | BA17: 1311 | BB17: 1332 | BC17: 1283 | BD17: 1315 | BE17: 1172 | BF17: 1162 | BG17: 1220 | BH17: 1492 | BI17: 1315 | BJ17: 1417 | BK17: 1344 | BL17: 1387 | BM17: 1546 | BN17: 1357 | BO17: 1251 | BP17: 1289 | BQ17: 1308 | BR17: 1382 | BS17: 1217 | BT17: 1418 | BU17: 1214 | BV17: 1164 | BW17: 1299 | BX17: 1240 | BY17: 1015 | BZ17: 1149 | CA17: 1098 | CB17: 1315 | CC17: 1409 | CD17: 1555 | CE17: 1522 | CF17: 1447 | CG17: 1571 | CH17: 1553 | CI17: 1391 | CJ17: 1573 | CK17: 1586 | CL17: 1519 | CM17: 1582 | CN17: 1596 | CO17: 1391 | CP17: 1763 | CQ17: 1538 | CR17: 1537 | CS17: 1749 | CT17: 1735 | CU17: 1827 | CV17: 1789 | CW17: 1764 | CX17: 1600 | CY17: 1753 | CZ17: 1685 | DA17: 1640 | DB17: 1724 | DC17: 1598 | DD17: 1518 | DE17: 1480 | DF17: 1545 | DG17: 1552 | DH17: 1413 | DI17: 1313 | DJ17: 1364 | DK17: 1275 | DL17: 1303 | DM17: 1244 | DN17: 1433 | DO17: 1287 | DP17: 1036 | DQ17: 1294 | DR17: 1462 | DS17: 1433 | DT17: 1413 | DU17: 1276 | DV17: 1149 | DW17: 849 | DX17: 690 | DY17: 1355 | DZ17: 1627 | EA17: 1692 | EB17: 526 | EC17: 1500 | ED17: 1600 | EE17: 1593 | EF17: 1544 | EG17: 1647 | EH17: 1730 | EI17: 1875 | EJ17: 1796 | EK17: 1768 | EL17: 2257 | EM17: 2224 | EN17: 1877 | EO17: 2118 | EP17: 1777 | EQ17: 2485 | ER17: 2814 | ES17: 2724 | ET17: 2949 | EU17: 2591 | EV17: 2835 | EW17: 2648 | EX17: 2836 | EY17: 3043 | EZ17: 2208 | FA17: 2119 | FB17: 3144 | FC17: 2500 | FD17: 2887 | FE17: 2576 | FF17: 3256 | FG17: 2816 | FH17: 2352 | FI17: 2252 | FJ17: 3223 | FK17: 2759 | FL17: 2716 | FM17: 2612 | FN17: 2717 | FO17: 2525 | FP17: 2209 | FQ17: 2536 | FR17: 3005 | FS17: 3158 | FT17: 2210 | FU17: 1645 | FV17: 3042 | FW17: 2589 | FX17: 2554 | FY17: 1851 | FZ17: 2120 | GA17: 2258 | GB17: 2251 | GC17: 3332 | GD17: 2679 | GE17: 3903 | GF17: 2657 | GG17: 2454 | GH17: 2585 | GI17: 2161 | GJ17: 1451 | GK17: 1842 | GL17: 1261 | GM17: 1777 | GN17: 1687 | GO17: 994 | GP17: 4412 | GQ17: 1707 | GR17: 908 | GS17: 1580 | GT17: 1123 | GU17: 1334 | GV17: 2000 | GW17: 2015 | GX17: 1793 | GY17: 1656 | GZ17: 1372 | HA17: 1797 | HB17: 1429 | HC17: 1577 | HD17: 1661 | HE17: 1647 | HF17: 1987 | HG17: 1894 | HH17: 1702 | HI17: 2653 | HJ17: 2404 | HK17: 2556 | HL17: 2667 | HM17: 2685 | HN17: 2567 | HO17: 2771 | HP17: 3037 | HQ17: 1851 | HR17: 2134 | HS17: 2076 | HT17: 2447 | HU17: 1925 | HV17: 2502 | HW17: 1810 | HX17: 2358 | HY17: 1858 | HZ17: 1487 | IA17: 1782 | IB17: 1890 | IC17: 1524 | ID17: 1427 | IE17: 1267 | IF17: 1595 | IG17: 1672 | IH17: 1868 | II17: 1303 | IJ17: 1575 | IK17: 1780 | IL17: 1229 | IM17: 1493 | IN17: 1127 | IO17: 1256 | IP17: 1301 | IQ17: 1621 | IR17: 871 | IS17: 1071 | IT17: 891 | IU17: 1209 | IV17: 1037 | IW17: 983 | IX17: 989 | IY17: 1051 | IZ17: 1067 | JA17: 835 | JB17: 1166 | JC17: 898 | JD17: 870 | JE17: 977 | JF17: 756 | JG17: 777 | JH17: 705 | JI17: 707 | JJ17: 765 | JK17: 837 | JL17: 802 | JM17: 840 | JN17: 826 | JO17: 706 | JP17: 595 | JQ17: 813 | JR17: 662 | JS17: 690 | JT17: 951 | JU17: 628 | JV17: 641 | JW17: 630 | JX17: 615 | JY17: 663 | JZ17: 539 | KA17: 594 | KB17: 501 | KC17: 568 | KD17: 631 | KE17: 632 | KF17: 616 | KG17: 520 | KH17: 507 | KI17: 627 | KJ17: 608 | KK17: 680 | KL17: 740 | KM17: 692 | KN17: 620 | KO17: 730 | KP17: 626 | KQ17: 866 | KR17: 776 | KS17: 763 | KT17: 771 | KU17: 749 | KV17: 710 | KW17: 741 | KX17: 725 | KY17: 730 | KZ17: 642 | LA17: 593 | LB17: 596 | LC17: 643 | LD17: 606 | LE17: 617 | LF17: 586 | LG17: 530 | LH17: 624 | LI17: 560 | LJ17: 709 | LK17: 617 | LL17: 588 | LM17: 678 | LN17: 616 | LO17: 528 | LP17: 584 | LQ17: 628 | LR17: 557 | LS17: 517 | LT17: 607 | LU17: 462 | LV17: 534 | LW17: 483 | LX17: 525 | LY17: 474 | LZ17: 559 | MA17: 581 | MB17: 585 | MC17: 709 | MD17: 926 | ME17: 770 | MF17: 717 | MG17: 1013 | MH17: 625 | MI17: 714 | MJ17: 923 | MK17: 944 | ML17: 1180 | MM17: 889 | MN17: 828 | MO17: 812 | MP17: 741 | MQ17: 743 | MR17: 733 | MS17: 815 | MT17: 713 | MU17: 743 | MV17: 721 | MW17: 633 | MX17: 584 | MY17: 643 | MZ17: 684 | NA17: 521 | NB17: 601 | NC17: 575 | ND17: 585 | NE17: 535 | NF17: 513 | NG17: 539 | NH17: 585 | NI17: 474 | NJ17: 515 | NK17: 544 | NL17: 472 | NM17: 568 | NN17: 524 | NO17: 617 | NP17: 472 | NQ17: 553 | NR17: 410 | NS17: 475 | NT17: 503 | NU17: 476 | NV17: 414 | NW17: 522 | NX17: 508 | NY17: 541 | NZ17: 542 | OA17: 484 | OB17: 487 | OC17: 464 | OD17: 473 | OE17: 483 | OF17: 393 | OG17: 468 | OH17: 464 | OI17: 371 | OJ17: 516 | OK17: 503 | OL17: 371 | OM17: 481 | ON17: 451 | OO17: 472 | OP17: 507 | OQ17: 524 | OR17: 368 | OS17: 456 | OT17: 421 | OU17: 395 | OV17: 431 | OW17: 435 | OX17: 380 | OY17: 398 | OZ17: 429 | PA17: 381 | PB17: 414
A18: Industrial machinery | B18: A33ENO | D18: 5174 | E18: 5596 | F18: 5091 | G18: 4575 | H18: 4713 | I18: 4364 | J18: 4029 | K18: 4218 | L18: 4244 | M18: 4124 | N18: 4026 | O18: 3847 | P18: 3764 | Q18: 3791 | R18: 3549 | S18: 3284 | T18: 3209 | U18: 3136 | V18: 2981 | W18: 3159 | X18: 3030 | Y18: 3050 | Z18: 2822 | AA18: 3184 | AB18: 3176 | AC18: 3263 | AD18: 3170 | AE18: 3055 | AF18: 3135 | AG18: 3128 | AH18: 3144 | AI18: 2680 | AJ18: 3206 | AK18: 3181 | AL18: 2867 | AM18: 2860 | AN18: 3198 | AO18: 2840 | AP18: 2710 | AQ18: 3460 | AR18: 2857 | AS18: 3143 | AT18: 3374 | AU18: 3819 | AV18: 3553 | AW18: 3672 | AX18: 3680 | AY18: 3477 | AZ18: 3340 | BA18: 3965 | BB18: 3729 | BC18: 3924 | BD18: 3615 | BE18: 3831 | BF18: 3919 | BG18: 3639 | BH18: 3871 | BI18: 3530 | BJ18: 3940 | BK18: 3599 | BL18: 3399 | BM18: 3640 | BN18: 3323 | BO18: 3340 | BP18: 3219 | BQ18: 3020 | BR18: 2168 | BS18: 2447 | BT18: 2980 | BU18: 2815 | BV18: 2826 | BW18: 3055 | BX18: 2798 | BY18: 2890 | BZ18: 3089 | CA18: 3216 | CB18: 3155 | CC18: 3456 | CD18: 3477 | CE18: 3592 | CF18: 3356 | CG18: 3444 | CH18: 3202 | CI18: 3264 | CJ18: 3237 | CK18: 2760 | CL18: 3031 | CM18: 2860 | CN18: 2929 | CO18: 2931 | CP18: 2808 | CQ18: 2909 | CR18: 2655 | CS18: 2792 | CT18: 3043 | CU18: 3041 | CV18: 3410 | CW18: 2933 | CX18: 2688 | CY18: 2914 | CZ18: 2628 | DA18: 2935 | DB18: 2916 | DC18: 2960 | DD18: 2851 | DE18: 2755 | DF18: 3212 | DG18: 2828 | DH18: 2925 | DI18: 2806 | DJ18: 2793 | DK18: 2882 | DL18: 2773 | DM18: 2921 | DN18: 2798 | DO18: 2777 | DP18: 2712 | DQ18: 2639 | DR18: 2392 | DS18: 2418 | DT18: 2514 | DU18: 2625 | DV18: 2395 | DW18: 2423 | DX18: 2605 | DY18: 2553 | DZ18: 2842 | EA18: 2771 | EB18: 2652 | EC18: 2953 | ED18: 3159 | EE18: 2886 | EF18: 2768 | EG18: 2745 | EH18: 2810 | EI18: 2546 | EJ18: 2609 | EK18: 2121 | EL18: 2226 | EM18: 2442 | EN18: 1981 | EO18: 1698 | EP18: 2344 | EQ18: 3285 | ER18: 2301 | ES18: 2584 | ET18: 3005 | EU18: 2553 | EV18: 2536 | EW18: 2854 | EX18: 2603 | EY18: 3448 | EZ18: 3192 | FA18: 3340 | FB18: 2927 | FC18: 2955 | FD18: 2868 | FE18: 2968 | FF18: 2804 | FG18: 2960 | FH18: 2906 | FI18: 2740 | FJ18: 2605 | FK18: 2700 | FL18: 2433 | FM18: 2624 | FN18: 2408 | FO18: 2344 | FP18: 2648 | FQ18: 2356 | FR18: 2302 | FS18: 2708 | FT18: 2638 | FU18: 2979 | FV18: 2774 | FW18: 2234 | FX18: 2961 | FY18: 2443 | FZ18: 2526 | GA18: 2740 | GB18: 2837 | GC18: 2637 | GD18: 2921 | GE18: 3035 | GF18: 3175 | GG18: 3092 | GH18: 2836 | GI18: 2607 | GJ18: 3414 | GK18: 2471 | GL18: 3153 | GM18: 2788 | GN18: 2610 | GO18: 2616 | GP18: 2520 | GQ18: 2678 | GR18: 2324 | GS18: 2529 | GT18: 2561 | GU18: 2511 | GV18: 1956 | GW18: 2035 | GX18: 1599 | GY18: 1619 | GZ18: 1664 | HA18: 1499 | HB18: 1740 | HC18: 1703 | HD18: 873 | HE18: 591 | HF18: 1505 | HG18: 1210 | HH18: 1728 | HI18: 1906 | HJ18: 2396 | HK18: 2662 | HL18: 2567 | HM18: 3460 | HN18: 2497 | HO18: 2945 | HP18: 3363 | HQ18: 3057 | HR18: 3311 | HS18: 3879 | HT18: 3372 | HU18: 3275 | HV18: 3716 | HW18: 2972 | HX18: 3392 | HY18: 3461 | HZ18: 3121 | IA18: 3667 | IB18: 4136 | IC18: 3806 | ID18: 3664 | IE18: 2737 | IF18: 3312 | IG18: 3350 | IH18: 3666 | II18: 3221 | IJ18: 3389 | IK18: 3451 | IL18: 3374 | IM18: 3034 | IN18: 3676 | IO18: 3460 | IP18: 2597 | IQ18: 4222 | IR18: 3154 | IS18: 3023 | IT18: 2712 | IU18: 3111 | IV18: 2628 | IW18: 2744 | IX18: 2771 | IY18: 2412 | IZ18: 3133 | JA18: 2546 | JB18: 2746 | JC18: 2579 | JD18: 2830 | JE18: 2718 | JF18: 3248 | JG18: 3559 | JH18: 3051 | JI18: 3072 | JJ18: 3309 | JK18: 2787 | JL18: 2558 | JM18: 3169 | JN18: 2688 | JO18: 2828 | JP18: 2527 | JQ18: 2258 | JR18: 2359 | JS18: 2455 | JT18: 2503 | JU18: 2164 | JV18: 2542 | JW18: 2599 | JX18: 2369 | JY18: 3351 | JZ18: 2283 | KA18: 3457 | KB18: 2745 | KC18: 2734 | KD18: 2931 | KE18: 2557 | KF18: 2861 | KG18: 3551 | KH18: 2415 | KI18: 3136 | KJ18: 3219 | KK18: 2572 | KL18: 2598 | KM18: 2267 | KN18: 2403 | KO18: 2696 | KP18: 2390 | KQ18: 2388 | KR18: 2539 | KS18: 2157 | KT18: 2930 | KU18: 2827 | KV18: 2609 | KW18: 2643 | KX18: 3148 | KY18: 3346 | KZ18: 3338 | LA18: 3863 | LB18: 4233 | LC18: 3884 | LD18: 4511 | LE18: 4395 | LF18: 3784 | LG18: 4147 | LH18: 4567 | LI18: 3833 | LJ18: 3445 | LK18: 4407 | LL18: 3730 | LM18: 3513 | LN18: 3212 | LO18: 3622 | LP18: 3113 | LQ18: 3242 | LR18: 3295 | LS18: 2934 | LT18: 2986 | LU18: 2879 | LV18: 2839 | LW18: 2661 | LX18: 2804 | LY18: 2621 | LZ18: 2436 | MA18: 2514 | MB18: 2424 | MC18: 2465 | MD18: 2738 | ME18: 2662 | MF18: 2647 | MG18: 3147 | MH18: 2965 | MI18: 2889 | MJ18: 3119 | MK18: 3197 | ML18: 3441 | MM18: 3642 | MN18: 3360 | MO18: 3312 | MP18: 3085 | MQ18: 3035 | MR18: 2928 | MS18: 3009 | MT18: 2953 | MU18: 2448 | MV18: 3070 | MW18: 2503 | MX18: 2831 | MY18: 2726 | MZ18: 2699 | NA18: 2756 | NB18: 3041 | NC18: 3055 | ND18: 3101 | NE18: 3268 | NF18: 3112 | NG18: 3326 | NH18: 3150 | NI18: 2998 | NJ18: 2818 | NK18: 3119 | NL18: 3443 | NM18: 2311 | NN18: 2861 | NO18: 2886 | NP18: 2474 | NQ18: 2702 | NR18: 2886 | NS18: 2906 | NT18: 2595 | NU18: 2770 | NV18: 2650 | NW18: 2215 | NX18: 2466 | NY18: 2692 | NZ18: 2365 | OA18: 2363 | OB18: 2349 | OC18: 1992 | OD18: 2556 | OE18: 1930 | OF18: 2517 | OG18: 2314 | OH18: 2088 | OI18: 2065 | OJ18: 2014 | OK18: 2003 | OL18: 1825 | OM18: 2041 | ON18: 2157 | OO18: 1805 | OP18: 1656 | OQ18: 1818 | OR18: 1992 | OS18: 1538 | OT18: 1931 | OU18: 1905 | OV18: 1779 | OW18: 1792 | OX18: 1780 | OY18: 1628 | OZ18: 2295 | PA18: 1855 | PB18: 1423
A19: Photographic equipment | B19: A33GNO | D19: 521 | E19: 507 | F19: 515 | G19: 504 | H19: 504 | I19: 523 | J19: 488 | K19: 545 | L19: 545 | M19: 574 | N19: 500 | O19: 445 | P19: 496 | Q19: 552 | R19: 567 | S19: 557 | T19: 581 | U19: 573 | V19: 647 | W19: 573 | X19: 608 | Y19: 614 | Z19: 489 | AA19: 625 | AB19: 588 | AC19: 538 | AD19: 605 | AE19: 584 | AF19: 556 | AG19: 582 | AH19: 577 | AI19: 570 | AJ19: 542 | AK19: 567 | AL19: 527 | AM19: 494 | AN19: 557 | AO19: 589 | AP19: 569 | AQ19: 608 | AR19: 627 | AS19: 662 | AT19: 667 | AU19: 622 | AV19: 576 | AW19: 574 | AX19: 501 | AY19: 866 | AZ19: 596 | BA19: 602 | BB19: 617 | BC19: 566 | BD19: 544 | BE19: 588 | BF19: 579 | BG19: 582 | BH19: 601 | BI19: 592 | BJ19: 583 | BK19: 823 | BL19: 685 | BM19: 572 | BN19: 517 | BO19: 683 | BP19: 653 | BQ19: 630 | BR19: 849 | BS19: 541 | BT19: 699 | BU19: 159 | BV19: 656 | BW19: 572 | BX19: 640 | BY19: 707 | BZ19: 614 | CA19: 708 | CB19: 682 | CC19: 623 | CD19: 673 | CE19: 635 | CF19: 581 | CG19: 523 | CH19: 605 | CI19: 709 | CJ19: 563 | CK19: 466 | CL19: 705 | CM19: 506 | CN19: 574 | CO19: 572 | CP19: 507 | CQ19: 484 | CR19: 581 | CS19: 559 | CT19: 630 | CU19: 453 | CV19: 481 | CW19: 653 | CX19: 509 | CY19: 491 | CZ19: 501 | DA19: 498 | DB19: 552 | DC19: 543 | DD19: 606 | DE19: 504 | DF19: 520 | DG19: 562 | DH19: 288 | DI19: 494 | DJ19: 568 | DK19: 506 | DL19: 573 | DM19: 521 | DN19: 541 | DO19: 547 | DP19: 517 | DQ19: 623 | DR19: 506 | DS19: 531 | DT19: 587 | DU19: 517 | DV19: 481 | DW19: 545 | DX19: 485 | DY19: 541 | DZ19: 516 | EA19: 508 | EB19: 488 | EC19: 509 | ED19: 624 | EE19: 481 | EF19: 561 | EG19: 487 | EH19: 477 | EI19: 437 | EJ19: 699 | EK19: 688 | EL19: 418 | EM19: 475 | EN19: 558 | EO19: 533 | EP19: 493 | EQ19: 405 | ER19: 532 | ES19: 532 | ET19: 485 | EU19: 465 | EV19: 458 | EW19: 455 | EX19: 464 | EY19: 578 | EZ19: 590 | FA19: 416 | FB19: 407 | FC19: 635 | FD19: 537 | FE19: 546 | FF19: 488 | FG19: 477 | FH19: 596 | FI19: 512 | FJ19: 523 | FK19: 455 | FL19: 442 | FM19: 584 | FN19: 480 | FO19: 515 | FP19: 486 | FQ19: 452 | FR19: 597 | FS19: 571 | FT19: 507 | FU19: 555 | FV19: 561 | FW19: 601 | FX19: 548 | FY19: 647 | FZ19: 616 | GA19: 735 | GB19: 717 | GC19: 690 | GD19: 775 | GE19: 780 | GF19: 582 | GG19: 708 | GH19: 719 | GI19: 735 | GJ19: 522 | GK19: 745 | GL19: 786 | GM19: 504 | GN19: 794 | GO19: 688 | GP19: 802 | GQ19: 733 | GR19: 753 | GS19: 789 | GT19: 786 | GU19: 555 | GV19: 913 | GW19: 669 | GX19: 647 | GY19: 677 | GZ19: 686 | HA19: 711 | HB19: 570 | HC19: 623 | HD19: 572 | HE19: 608 | HF19: 721 | HG19: 631 | HH19: 836 | HI19: 711 | HJ19: 857 | HK19: 931 | HL19: 672 | HM19: 843 | HN19: 707 | HO19: 796 | HP19: 816 | HQ19: 693 | HR19: 703 | HS19: 941 | HT19: 654 | HU19: 742 | HV19: 648 | HW19: 718 | HX19: 728 | HY19: 621 | HZ19: 703 | IA19: 701 | IB19: 831 | IC19: 700 | ID19: 712 | IE19: 565 | IF19: 1228 | IG19: 773 | IH19: 682 | II19: 519 | IJ19: 933 | IK19: 732 | IL19: 709 | IM19: 735 | IN19: 667 | IO19: 712 | IP19: 692 | IQ19: 660 | IR19: 740 | IS19: 687 | IT19: 746 | IU19: 919 | IV19: 633 | IW19: 685 | IX19: 724 | IY19: 624 | IZ19: 640 | JA19: 643 | JB19: 582 | JC19: 630 | JD19: 572 | JE19: 629 | JF19: 650 | JG19: 566 | JH19: 579 | JI19: 621 | JJ19: 574 | JK19: 675 | JL19: 676 | JM19: 673 | JN19: 690 | JO19: 619 | JP19: 658 | JQ19: 659 | JR19: 633 | JS19: 606 | JT19: 628 | JU19: 576 | JV19: 626 | JW19: 562 | JX19: 537 | JY19: 607 | JZ19: 658 | KA19: 569 | KB19: 614 | KC19: 583 | KD19: 601 | KE19: 599 | KF19: 587 | KG19: 622 | KH19: 590 | KI19: 706 | KJ19: 670 | KK19: 674 | KL19: 651 | KM19: 648 | KN19: 615 | KO19: 591 | KP19: 761 | KQ19: 721 | KR19: 810 | KS19: 973 | KT19: 871 | KU19: 844 | KV19: 838 | KW19: 841 | KX19: 888 | KY19: 719 | KZ19: 1101 | LA19: 764 | LB19: 772 | LC19: 987 | LD19: 926 | LE19: 849 | LF19: 866 | LG19: 978 | LH19: 1010 | LI19: 1044 | LJ19: 1016 | LK19: 1192 | LL19: 1133 | LM19: 1182 | LN19: 1292 | LO19: 1402 | LP19: 1305 | LQ19: 1274 | LR19: 1287 | LS19: 1255 | LT19: 1260 | LU19: 1142 | LV19: 1085 | LW19: 1182 | LX19: 1120 | LY19: 1258 | LZ19: 1176 | MA19: 1324 | MB19: 1248 | MC19: 1306 | MD19: 1232 | ME19: 1223 | MF19: 1182 | MG19: 1298 | MH19: 1281 | MI19: 1177 | MJ19: 1340 | MK19: 1330 | ML19: 1187 | MM19: 1205 | MN19: 1224 | MO19: 1161 | MP19: 1178 | MQ19: 1227 | MR19: 1269 | MS19: 1288 | MT19: 1214 | MU19: 1228 | MV19: 1122 | MW19: 1073 | MX19: 1094 | MY19: 1099 | MZ19: 1092 | NA19: 1270 | NB19: 1288 | NC19: 1239 | ND19: 1228 | NE19: 1207 | NF19: 1358 | NG19: 1265 | NH19: 1253 | NI19: 1337 | NJ19: 1381 | NK19: 1249 | NL19: 1293 | NM19: 1282 | NN19: 1329 | NO19: 1376 | NP19: 1364 | NQ19: 1196 | NR19: 1429 | NS19: 1382 | NT19: 1460 | NU19: 1424 | NV19: 1469 | NW19: 1422 | NX19: 1359 | NY19: 1259 | NZ19: 1451 | OA19: 1397 | OB19: 1368 | OC19: 1337 | OD19: 1349 | OE19: 1373 | OF19: 1237 | OG19: 1244 | OH19: 1252 | OI19: 1289 | OJ19: 1413 | OK19: 1306 | OL19: 1224 | OM19: 1227 | ON19: 1193 | OO19: 1257 | OP19: 1274 | OQ19: 1307 | OR19: 1311 | OS19: 1753 | OT19: 1280 | OU19: 1348 | OV19: 1379 | OW19: 1355 | OX19: 1306 | OY19: 1371 | OZ19: 1356 | PA19: 1364 | PB19: 1328
A20: Ventilation, heating, air-conditioning, and refrigeration equipment | B20: A33HNO | D20: 7406 | E20: 7285 | F20: 7192 | G20: 7201 | H20: 6878 | I20: 6820 | J20: 6931 | K20: 6691 | L20: 6304 | M20: 6695 | N20: 6373 | O20: 6351 | P20: 6088 | Q20: 5846 | R20: 5978 | S20: 5944 | T20: 6175 | U20: 6005 | V20: 5922 | W20: 6012 | X20: 5910 | Y20: 5595 | Z20: 5573 | AA20: 5544 | AB20: 5423 | AC20: 5345 | AD20: 5414 | AE20: 5178 | AF20: 5048 | AG20: 5058 | AH20: 5251 | AI20: 5092 | AJ20: 5311 | AK20: 5129 | AL20: 5319 | AM20: 5282 | AN20: 4881 | AO20: 4926 | AP20: 4850 | AQ20: 4837 | AR20: 4829 | AS20: 5044 | AT20: 4742 | AU20: 4888 | AV20: 4492 | AW20: 4690 | AX20: 4553 | AY20: 4784 | AZ20: 4804 | BA20: 4771 | BB20: 4621 | BC20: 4829 | BD20: 5017 | BE20: 4292 | BF20: 4473 | BG20: 4931 | BH20: 4608 | BI20: 4657 | BJ20: 4526 | BK20: 4483 | BL20: 4458 | BM20: 4645 | BN20: 4175 | BO20: 4446 | BP20: 4478 | BQ20: 4318 | BR20: 4534 | BS20: 4165 | BT20: 4152 | BU20: 4239 | BV20: 4256 | BW20: 4318 | BX20: 4337 | BY20: 4284 | BZ20: 4252 | CA20: 3681 | CB20: 3490 | CC20: 4321 | CD20: 3940 | CE20: 3784 | CF20: 3662 | CG20: 3859 | CH20: 3867 | CI20: 3888 | CJ20: 3864 | CK20: 3821 | CL20: 3952 | CM20: 3915 | CN20: 3931 | CO20: 3942 | CP20: 3892 | CQ20: 4207 | CR20: 3609 | CS20: 3735 | CT20: 3874 | CU20: 3756 | CV20: 3751 | CW20: 3834 | CX20: 3727 | CY20: 3848 | CZ20: 3618 | DA20: 3568 | DB20: 3654 | DC20: 3373 | DD20: 3874 | DE20: 3798 | DF20: 3558 | DG20: 3544 | DH20: 3522 | DI20: 3476 | DJ20: 3636 | DK20: 3531 | DL20: 3479 | DM20: 3890 | DN20: 3642 | DO20: 3696 | DP20: 3606 | DQ20: 3593 | DR20: 3488 | DS20: 3533 | DT20: 3582 | DU20: 3746 | DV20: 3507 | DW20: 3438 | DX20: 3436 | DY20: 3643 | DZ20: 3595 | EA20: 3629 | EB20: 3726 | EC20: 3757 | ED20: 3828 | EE20: 3810 | EF20: 3946 | EG20: 3630 | EH20: 3738 | EI20: 3664 | EJ20: 3535 | EK20: 3975 | EL20: 3573 | EM20: 3547 | EN20: 3389 | EO20: 3543 | EP20: 3573 | EQ20: 3635 | ER20: 3675 | ES20: 3360 | ET20: 3529 | EU20: 3454 | EV20: 3708 | EW20: 3297 | EX20: 3622 | EY20: 3779 | EZ20: 3641 | FA20: 3629 | FB20: 3724 | FC20: 3740 | FD20: 3547 | FE20: 3598 | FF20: 3365 | FG20: 3664 | FH20: 3484 | FI20: 3248 | FJ20: 3545 | FK20: 3378 | FL20: 3491 | FM20: 3527 | FN20: 3677 | FO20: 3497 | FP20: 2234 | FQ20: 4027 | FR20: 3748 | FS20: 3651 | FT20: 3688 | FU20: 3744 | FV20: 3583 | FW20: 3233 | FX20: 3279 | FY20: 3190 | FZ20: 3193 | GA20: 2943 | GB20: 3346 | GC20: 3311 | GD20: 3313 | GE20: 3376 | GF20: 3509 | GG20: 3346 | GH20: 3221 | GI20: 3629 | GJ20: 3398 | GK20: 3248 | GL20: 3252 | GM20: 3212 | GN20: 3223 | GO20: 3006 | GP20: 3125 | GQ20: 2941 | GR20: 3051 | GS20: 2972 | GT20: 2837 | GU20: 2964 | GV20: 2963 | GW20: 2885 | GX20: 2859 | GY20: 2993 | GZ20: 2793 | HA20: 2709 | HB20: 2821 | HC20: 2828 | HD20: 2878 | HE20: 2637 | HF20: 2804 | HG20: 2462 | HH20: 2510 | HI20: 3043 | HJ20: 3209 | HK20: 3156 | HL20: 3506 | HM20: 3893 | HN20: 3755 | HO20: 3398 | HP20: 3892 | HQ20: 3389 | HR20: 3817 | HS20: 3839 | HT20: 3504 | HU20: 3615 | HV20: 3449 | HW20: 3823 | HX20: 3314 | HY20: 3596 | HZ20: 3440 | IA20: 3502 | IB20: 3448 | IC20: 3218 | ID20: 3880 | IE20: 3607 | IF20: 3323 | IG20: 3192 | IH20: 3434 | II20: 3303 | IJ20: 3341 | IK20: 3314 | IL20: 3236 | IM20: 3288 | IN20: 3361 | IO20: 3321 | IP20: 3207 | IQ20: 3480 | IR20: 3348 | IS20: 3730 | IT20: 3350 | IU20: 3338 | IV20: 3364 | IW20: 3028 | IX20: 3155 | IY20: 3083 | IZ20: 3075 | JA20: 3124 | JB20: 3079 | JC20: 3063 | JD20: 3219 | JE20: 2946 | JF20: 2835 | JG20: 2811 | JH20: 2644 | JI20: 2744 | JJ20: 2821 | JK20: 3019 | JL20: 2884 | JM20: 2804 | JN20: 2768 | JO20: 2613 | JP20: 2943 | JQ20: 2736 | JR20: 2633 | JS20: 2633 | JT20: 2869 | JU20: 2801 | JV20: 2673 | JW20: 2619 | JX20: 2614 | JY20: 2631 | JZ20: 2672 | KA20: 2555 | KB20: 2539 | KC20: 2645 | KD20: 2648 | KE20: 2539 | KF20: 2594 | KG20: 2640 | KH20: 2648 | KI20: 2654 | KJ20: 2737 | KK20: 2614 | KL20: 2501 | KM20: 2614 | KN20: 2480 | KO20: 2485 | KP20: 2514 | KQ20: 2501 | KR20: 2646 | KS20: 2710 | KT20: 2850 | KU20: 2541 | KV20: 2651 | KW20: 2768 | KX20: 2911 | KY20: 2786 | KZ20: 2869 | LA20: 2653 | LB20: 2968 | LC20: 3004 | LD20: 2829 | LE20: 2882 | LF20: 3044 | LG20: 2973 | LH20: 3009 | LI20: 2791 | LJ20: 2941 | LK20: 3089 | LL20: 2997 | LM20: 3045 | LN20: 2998 | LO20: 2822 | LP20: 2950 | LQ20: 2749 | LR20: 2767 | LS20: 2661 | LT20: 2975 | LU20: 2912 | LV20: 2837 | LW20: 2747 | LX20: 2653 | LY20: 2738 | LZ20: 2676 | MA20: 2757 | MB20: 2699 | MC20: 2771 | MD20: 2686 | ME20: 2765 | MF20: 2730 | MG20: 2694 | MH20: 2639 | MI20: 2641 | MJ20: 2483 | MK20: 2625 | ML20: 2616 | MM20: 2518 | MN20: 2418 | MO20: 2585 | MP20: 2434 | MQ20: 2734 | MR20: 2860 | MS20: 2421 | MT20: 2773 | MU20: 2549 | MV20: 2678 | MW20: 2721 | MX20: 2703 | MY20: 2840 | MZ20: 2792 | NA20: 2714 | NB20: 2879 | NC20: 2649 | ND20: 2777 | NE20: 2713 | NF20: 2547 | NG20: 2894 | NH20: 2877 | NI20: 2849 | NJ20: 2664 | NK20: 2757 | NL20: 2858 | NM20: 2662 | NN20: 2627 | NO20: 2831 | NP20: 2709 | NQ20: 2719 | NR20: 2585 | NS20: 2608 | NT20: 2639 | NU20: 2523 | NV20: 2733 | NW20: 2555 | NX20: 2581 | NY20: 2760 | NZ20: 2716 | OA20: 2601 | OB20: 2547 | OC20: 2583 | OD20: 2630 | OE20: 2450 | OF20: 2729 | OG20: 2547 | OH20: 2475 | OI20: 2399 | OJ20: 2344 | OK20: 2222 | OL20: 2125 | OM20: 2150 | ON20: 2179 | OO20: 2211 | OP20: 2212 | OQ20: 2420 | OR20: 2020 | OS20: 2038 | OT20: 1941 | OU20: 1990 | OV20: 1968 | OW20: 2023 | OX20: 2208 | OY20: 2186 | OZ20: 2300 | PA20: 1979 | PB20: 1996
A21: Metalworking machinery | B21: A33INO | D21: 3081 | E21: 3043 | F21: 2930 | G21: 3034 | H21: 2971 | I21: 3080 | J21: 2754 | K21: 2705 | L21: 2743 | M21: 2674 | N21: 2819 | O21: 2806 | P21: 2792 | Q21: 2617 | R21: 2666 | S21: 2704 | T21: 2698 | U21: 2643 | V21: 2705 | W21: 2731 | X21: 2761 | Y21: 2659 | Z21: 2592 | AA21: 2819 | AB21: 2782 | AC21: 2699 | AD21: 2717 | AE21: 2649 | AF21: 2730 | AG21: 2769 | AH21: 2894 | AI21: 2874 | AJ21: 2603 | AK21: 2629 | AL21: 2775 | AM21: 2683 | AN21: 2458 | AO21: 2803 | AP21: 2602 | AQ21: 2710 | AR21: 2762 | AS21: 2920 | AT21: 2840 | AU21: 2746 | AV21: 2771 | AW21: 3053 | AX21: 2822 | AY21: 2906 | AZ21: 2973 | BA21: 2878 | BB21: 2854 | BC21: 3128 | BD21: 3120 | BE21: 3061 | BF21: 2808 | BG21: 2985 | BH21: 3090 | BI21: 3128 | BJ21: 3251 | BK21: 2996 | BL21: 3101 | BM21: 2994 | BN21: 3213 | BO21: 2968 | BP21: 2797 | BQ21: 2743 | BR21: 2988 | BS21: 2677 | BT21: 2677 | BU21: 2519 | BV21: 2582 | BW21: 2552 | BX21: 2488 | BY21: 2387 | BZ21: 2430 | CA21: 2247 | CB21: 2249 | CC21: 2294 | CD21: 2708 | CE21: 2265 | CF21: 2435 | CG21: 2535 | CH21: 2530 | CI21: 2627 | CJ21: 2499 | CK21: 2677 | CL21: 2410 | CM21: 2679 | CN21: 2422 | CO21: 2496 | CP21: 2621 | CQ21: 2757 | CR21: 2259 | CS21: 2641 | CT21: 2890 | CU21: 2678 | CV21: 2817 | CW21: 2804 | CX21: 2829 | CY21: 2758 | CZ21: 2660 | DA21: 2881 | DB21: 3325 | DC21: 2908 | DD21: 3047 | DE21: 2914 | DF21: 2704 | DG21: 2676 | DH21: 2764 | DI21: 2810 | DJ21: 2804 | DK21: 2791 | DL21: 2853 | DM21: 2656 | DN21: 2474 | DO21: 2446 | DP21: 2689 | DQ21: 2522 | DR21: 2429 | DS21: 2710 | DT21: 2485 | DU21: 2486 | DV21: 2377 | DW21: 2548 | DX21: 2730 | DY21: 2745 | DZ21: 2508 | EA21: 2596 | EB21: 2495 | EC21: 2819 | ED21: 2703 | EE21: 2666 | EF21: 2684 | EG21: 2490 | EH21: 2359 | EI21: 2596 | EJ21: 2361 | EK21: 2933 | EL21: 2608 | EM21: 2711 | EN21: 2604 | EO21: 2651 | EP21: 2668 | EQ21: 2589 | ER21: 2843 | ES21: 2752 | ET21: 2768 | EU21: 2679 | EV21: 2577 | EW21: 2595 | EX21: 2657 | EY21: 2642 | EZ21: 2545 | FA21: 2625 | FB21: 2491 | FC21: 2545 | FD21: 2508 | FE21: 2634 | FF21: 2463 | FG21: 2450 | FH21: 2601 | FI21: 2189 | FJ21: 2437 | FK21: 2403 | FL21: 2386 | FM21: 2300 | FN21: 2554 | FO21: 2405 | FP21: 2219 | FQ21: 2321 | FR21: 2445 | FS21: 2443 | FT21: 2400 | FU21: 2663 | FV21: 2479 | FW21: 2526 | FX21: 2771 | FY21: 2418 | FZ21: 2419 | GA21: 2413 | GB21: 2421 | GC21: 2382 | GD21: 2510 | GE21: 2401 | GF21: 2137 | GG21: 2258 | GH21: 2348 | GI21: 2103 | GJ21: 2510 | GK21: 2337 | GL21: 1881 | GM21: 2278 | GN21: 2249 | GO21: 2178 | GP21: 2125 | GQ21: 2018 | GR21: 2036 | GS21: 2011 | GT21: 1928 | GU21: 1841 | GV21: 1607 | GW21: 1621 | GX21: 1600 | GY21: 1536 | GZ21: 1524 | HA21: 1453 | HB21: 1438 | HC21: 1577 | HD21: 1448 | HE21: 1579 | HF21: 1660 | HG21: 1570 | HH21: 1792 | HI21: 2053 | HJ21: 2142 | HK21: 2291 | HL21: 2445 | HM21: 2440 | HN21: 2509 | HO21: 2679 | HP21: 2767 | HQ21: 2500 | HR21: 2407 | HS21: 2484 | HT21: 2618 | HU21: 2604 | HV21: 2575 | HW21: 2585 | HX21: 2423 | HY21: 2548 | HZ21: 2360 | IA21: 2380 | IB21: 2411 | IC21: 2319 | ID21: 2451 | IE21: 2527 | IF21: 2308 | IG21: 2326 | IH21: 2308 | II21: 2498 | IJ21: 2467 | IK21: 2422 | IL21: 2344 | IM21: 2422 | IN21: 2378 | IO21: 2464 | IP21: 2488 | IQ21: 2271 | IR21: 2345 | IS21: 2228 | IT21: 2267 | IU21: 2228 | IV21: 2294 | IW21: 2320 | IX21: 2290 | IY21: 2264 | IZ21: 2361 | JA21: 2234 | JB21: 2344 | JC21: 2400 | JD21: 2249 | JE21: 2144 | JF21: 1985 | JG21: 2077 | JH21: 2045 | JI21: 2038 | JJ21: 2144 | JK21: 1973 | JL21: 2053 | JM21: 2133 | JN21: 1963 | JO21: 2171 | JP21: 2166 | JQ21: 2034 | JR21: 1941 | JS21: 1922 | JT21: 2158 | JU21: 1966 | JV21: 1996 | JW21: 2006 | JX21: 2019 | JY21: 1980 | JZ21: 2006 | KA21: 2015 | KB21: 2076 | KC21: 2602 | KD21: 2217 | KE21: 2157 | KF21: 2105 | KG21: 1998 | KH21: 1988 | KI21: 1940 | KJ21: 1906 | KK21: 1878 | KL21: 1865 | KM21: 1786 | KN21: 1835 | KO21: 1905 | KP21: 1972 | KQ21: 1895 | KR21: 1973 | KS21: 2022 | KT21: 2094 | KU21: 2368 | KV21: 2191 | KW21: 2306 | KX21: 2295 | KY21: 2079 | KZ21: 2440 | LA21: 2572 | LB21: 2436 | LC21: 2847 | LD21: 2591 | LE21: 2383 | LF21: 2344 | LG21: 2374 | LH21: 2761 | LI21: 2420 | LJ21: 2354 | LK21: 2508 | LL21: 2460 | LM21: 2429 | LN21: 2921 | LO21: 2492 | LP21: 2517 | LQ21: 2597 | LR21: 2497 | LS21: 2675 | LT21: 2348 | LU21: 2164 | LV21: 2404 | LW21: 2378 | LX21: 2401 | LY21: 2716 | LZ21: 2344 | MA21: 2167 | MB21: 2543 | MC21: 2499 | MD21: 2557 | ME21: 2641 | MF21: 2459 | MG21: 2783 | MH21: 2610 | MI21: 2450 | MJ21: 2357 | MK21: 2610 | ML21: 2536 | MM21: 2258 | MN21: 2892 | MO21: 2372 | MP21: 2427 | MQ21: 2304 | MR21: 2596 | MS21: 2360 | MT21: 2436 | MU21: 2266 | MV21: 2364 | MW21: 2307 | MX21: 2442 | MY21: 2403 | MZ21: 2476 | NA21: 2407 | NB21: 2446 | NC21: 2448 | ND21: 2207 | NE21: 2350 | NF21: 2290 | NG21: 2078 | NH21: 2251 | NI21: 1965 | NJ21: 2520 | NK21: 2254 | NL21: 2139 | NM21: 2259 | NN21: 2203 | NO21: 2241 | NP21: 2400 | NQ21: 2263 | NR21: 2246 | NS21: 2338 | NT21: 2246 | NU21: 2248 | NV21: 2119 | NW21: 2267 | NX21: 2127 | NY21: 2095 | NZ21: 2127 | OA21: 1936 | OB21: 2043 | OC21: 2070 | OD21: 1933 | OE21: 2156 | OF21: 2151 | OG21: 1862 | OH21: 1697 | OI21: 1567 | OJ21: 1714 | OK21: 1655 | OL21: 1715 | OM21: 1754 | ON21: 1622 | OO21: 1613 | OP21: 1799 | OQ21: 1791 | OR21: 1581 | OS21: 1741 | OT21: 1499 | OU21: 1723 | OV21: 1658 | OW21: 1711 | OX21: 1625 | OY21: 1568 | OZ21: 1562 | PA21: 1418 | PB21: 1403
A22: Turbines, generators, and other power transmission equipment | B22: ATGPNO | D22: 5709 | E22: 5515 | F22: 5604 | G22: 5269 | H22: 4991 | I22: 5139 | J22: 5132 | K22: 4983 | L22: 5055 | M22: 4949 | N22: 4971 | O22: 4622 | P22: 4629 | Q22: 4636 | R22: 4539 | S22: 4470 | T22: 4280 | U22: 4740 | V22: 4723 | W22: 4691 | X22: 4430 | Y22: 4595 | Z22: 4413 | AA22: 4504 | AB22: 4267 | AC22: 4509 | AD22: 4507 | AE22: 4413 | AF22: 4484 | AG22: 4565 | AH22: 4682 | AI22: 4732 | AJ22: 4452 | AK22: 4770 | AL22: 4787 | AM22: 4755 | AN22: 4628 | AO22: 5066 | AP22: 5067 | AQ22: 4715 | AR22: 4638 | AS22: 4584 | AT22: 4536 | AU22: 4164 | AV22: 4953 | AW22: 4807 | AX22: 5011 | AY22: 4880 | AZ22: 4631 | BA22: 4488 | BB22: 4555 | BC22: 4335 | BD22: 4185 | BE22: 4351 | BF22: 4498 | BG22: 4374 | BH22: 3729 | BI22: 3878 | BJ22: 3943 | BK22: 3674 | BL22: 3607 | BM22: 3692 | BN22: 3573 | BO22: 3456 | BP22: 3713 | BQ22: 3712 | BR22: 3387 | BS22: 3269 | BT22: 3430 | BU22: 3278 | BV22: 3244 | BW22: 3343 | BX22: 3009 | BY22: 3298 | BZ22: 3090 | CA22: 3169 | CB22: 3081 | CC22: 3540 | CD22: 3383 | CE22: 3486 | CF22: 3465 | CG22: 3828 | CH22: 4256 | CI22: 4122 | CJ22: 4083 | CK22: 4234 | CL22: 4264 | CM22: 4175 | CN22: 4325 | CO22: 4350 | CP22: 4272 | CQ22: 4200 | CR22: 4408 | CS22: 4826 | CT22: 4735 | CU22: 4783 | CV22: 4352 | CW22: 4849 | CX22: 4773 | CY22: 4355 | CZ22: 4463 | DA22: 4437 | DB22: 4407 | DC22: 4426 | DD22: 3743 | DE22: 3803 | DF22: 3605 | DG22: 3508 | DH22: 3456 | DI22: 3602 | DJ22: 3686 | DK22: 3540 | DL22: 3572 | DM22: 3278 | DN22: 3161 | DO22: 3664 | DP22: 3566 | DQ22: 3268 | DR22: 3306 | DS22: 3404 | DT22: 3784 | DU22: 3458 | DV22: 3529 | DW22: 3357 | DX22: 3798 | DY22: 3484 | DZ22: 3517 | EA22: 3856 | EB22: 3925 | EC22: 4020 | ED22: 3912 | EE22: 4491 | EF22: 4191 | EG22: 4205 | EH22: 4444 | EI22: 4168 | EJ22: 4192 | EK22: 4495 | EL22: 4206 | EM22: 4551 | EN22: 4073 | EO22: 4066 | EP22: 3592 | EQ22: 4464 | ER22: 3315 | ES22: 4309 | ET22: 4998 | EU22: 3697 | EV22: 3404 | EW22: 4264 | EX22: 3559 | EY22: 3611 | EZ22: 3506 | FA22: 3017 | FB22: 2842 | FC22: 3746 | FD22: 3765 | FE22: 4084 | FF22: 4200 | FG22: 3713 | FH22: 3896 | FI22: 4464 | FJ22: 3391 | FK22: 4467 | FL22: 4783 | FM22: 4492 | FN22: 4109 | FO22: 3996 | FP22: 3631 | FQ22: 3589 | FR22: 5598 | FS22: 4959 | FT22: 4514 | FU22: 6501 | FV22: 5192 | FW22: 4996 | FX22: 6668 | FY22: 5443 | FZ22: 5150 | GA22: 4848 | GB22: 4263 | GC22: 4556 | GD22: 5502 | GE22: 4643 | GF22: 3431 | GG22: 4636 | GH22: 2847 | GI22: 3632 | GJ22: 6406 | GK22: 3988 | GL22: 3840 | GM22: 5077 | GN22: 3784 | GO22: 3130 | GP22: 3869 | GQ22: 4939 | GR22: 1025 | GS22: 3469 | GT22: 2723 | GU22: 2222 | GV22: 3606 | GW22: 2875 | GX22: 2836 | GY22: 3309 | GZ22: 2989 | HA22: 2758 | HB22: 2830 | HC22: 2281 | HD22: 2440 | HE22: 3097 | HF22: 2389 | HG22: 2347 | HH22: 4602 | HI22: 4377 | HJ22: 3522 | HK22: 4095 | HL22: 3268 | HM22: 3377 | HN22: 4242 | HO22: 3810 | HP22: 3760 | HQ22: 4132 | HR22: 3864 | HS22: 3259 | HT22: 4850 | HU22: 3754 | HV22: 3834 | HW22: 4211 | HX22: 3696 | HY22: 3419 | HZ22: 3607 | IA22: 3192 | IB22: 3229 | IC22: 3945 | ID22: 3016 | IE22: 3122 | IF22: 4552 | IG22: 3344 | IH22: 3743 | II22: 3740 | IJ22: 3774 | IK22: 3633 | IL22: 4027 | IM22: 4193 | IN22: 3515 | IO22: 4149 | IP22: 3826 | IQ22: 3533 | IR22: 4792 | IS22: 3616 | IT22: 3216 | IU22: 3150 | IV22: 3373 | IW22: 3365 | IX22: 3729 | IY22: 3283 | IZ22: 3069 | JA22: 3163 | JB22: 3643 | JC22: 2998 | JD22: 3892 | JE22: 2669 | JF22: 2787 | JG22: 3282 | JH22: 3062 | JI22: 2635 | JJ22: 3033 | JK22: 3062 | JL22: 2921 | JM22: 3709 | JN22: 2541 | JO22: 2893 | JP22: 4094 | JQ22: 3618 | JR22: 2895 | JS22: 3539 | JT22: 3029 | JU22: 2936 | JV22: 3426 | JW22: 3185 | JX22: 2880 | JY22: 3050 | JZ22: 2890 | KA22: 2675 | KB22: 2912 | KC22: 2392 | KD22: 2430 | KE22: 3118 | KF22: 2643 | KG22: 2336 | KH22: 2582 | KI22: 2313 | KJ22: 2002 | KK22: 2048 | KL22: 2103 | KM22: 2291 | KN22: 3833 | KO22: 3158 | KP22: 2578 | KQ22: 3979 | KR22: 3605 | KS22: 2868 | KT22: 3228 | KU22: 3404 | KV22: 2902 | KW22: 3456 | KX22: 3395 | KY22: 3323 | KZ22: 3544 | LA22: 2993 | LB22: 2838 | LC22: 3666 | LD22: 3243 | LE22: 3262 | LF22: 4225 | LG22: 3102 | LH22: 2459 | LI22: 3064 | LJ22: 2389 | LK22: 2967 | LL22: 3483 | LM22: 3005 | LN22: 3259 | LO22: 4244 | LP22: 3048 | LQ22: 2896 | LR22: 2902 | LS22: 2869 | LT22: 3212 | LU22: 2935 | LV22: 2468 | LW22: 2485 | LX22: 3965 | LY22: 2753 | LZ22: 3132 | MA22: 5017 | MB22: 3302 | MC22: 2804 | MD22: 3083 | ME22: 2429 | MF22: 2187 | MG22: 2465 | MH22: 2132 | MI22: 2188 | MJ22: 3116 | MK22: 2823 | ML22: 2847 | MM22: 3237 | MN22: 2580 | MO22: 2431 | MP22: 2572 | MQ22: 2040 | MR22: 1867 | MS22: 2149 | MT22: 2100 | MU22: 1949 | MV22: 3311 | MW22: 2735 | MX22: 2648 | MY22: 3101 | MZ22: 2267 | NA22: 2498 | NB22: 2570 | NC22: 2249 | ND22: 1719 | NE22: 1846 | NF22: 2040 | NG22: 1991 | NH22: 2866 | NI22: 2781 | NJ22: 2239 | NK22: 3164 | NL22: 2376 | NM22: 2145 | NN22: 2957 | NO22: 2154 | NP22: 1915 | NQ22: 1838 | NR22: 1907 | NS22: 1926 | NT22: 2949 | NU22: 2538 | NV22: 2614 | NW22: 2628 | NX22: 2930 | NY22: 2111 | NZ22: 2978 | OA22: 2090 | OB22: 1611 | OC22: 1877 | OD22: 1671 | OE22: 1658 | OF22: 3362 | OG22: 1701 | OH22: 1789 | OI22: 2463 | OJ22: 1761 | OK22: 1806 | OL22: 2232 | OM22: 1481 | ON22: 1332 | OO22: 1802 | OP22: 1303 | OQ22: 1248 | OR22: 2959 | OS22: 2052 | OT22: 1888 | OU22: 2558 | OV22: 2016 | OW22: 1918 | OX22: 2439 | OY22: 1950 | OZ22: 1584 | PA22: 1709 | PB22: 1401
A23: Material handling equipment | B23: A33MNO | D23: 3150 | E23: 3173 | F23: 3010 | G23: 2888 | H23: 2811 | I23: 2774 | J23: 2743 | K23: 2875 | L23: 2806 | M23: 2735 | N23: 2598 | O23: 2793 | P23: 2745 | Q23: 2979 | R23: 2904 | S23: 3006 | T23: 3008 | U23: 3084 | V23: 2959 | W23: 3006 | X23: 2722 | Y23: 2985 | Z23: 3022 | AA23: 2948 | AB23: 2997 | AC23: 3058 | AD23: 2838 | AE23: 2988 | AF23: 2964 | AG23: 2916 | AH23: 3108 | AI23: 3120 | AJ23: 3800 | AK23: 3563 | AL23: 3553 | AM23: 3858 | AN23: 3804 | AO23: 3773 | AP23: 3934 | AQ23: 3717 | AR23: 3723 | AS23: 3504 | AT23: 3522 | AU23: 3634 | AV23: 3568 | AW23: 3649 | AX23: 3596 | AY23: 3566 | AZ23: 3463 | BA23: 3417 | BB23: 3423 | BC23: 3517 | BD23: 3679 | BE23: 3904 | BF23: 3811 | BG23: 3722 | BH23: 3449 | BI23: 3505 | BJ23: 3408 | BK23: 3370 | BL23: 3498 | BM23: 3505 | BN23: 3396 | BO23: 3413 | BP23: 3183 | BQ23: 3103 | BR23: 2955 | BS23: 2892 | BT23: 2856 | BU23: 2611 | BV23: 2578 | BW23: 2470 | BX23: 2374 | BY23: 2257 | BZ23: 2242 | CA23: 2221 | CB23: 2313 | CC23: 2406 | CD23: 2394 | CE23: 2436 | CF23: 3013 | CG23: 2806 | CH23: 2927 | CI23: 2910 | CJ23: 2928 | CK23: 3012 | CL23: 3164 | CM23: 2984 | CN23: 2880 | CO23: 2885 | CP23: 2958 | CQ23: 2902 | CR23: 2883 | CS23: 2914 | CT23: 2843 | CU23: 2755 | CV23: 3023 | CW23: 2930 | CX23: 2955 | CY23: 3026 | CZ23: 2934 | DA23: 2867 | DB23: 2862 | DC23: 2640 | DD23: 2659 | DE23: 2642 | DF23: 2666 | DG23: 2555 | DH23: 2687 | DI23: 2615 | DJ23: 2634 | DK23: 2580 | DL23: 2559 | DM23: 2626 | DN23: 2572 | DO23: 2509 | DP23: 2436 | DQ23: 2426 | DR23: 2410 | DS23: 2447 | DT23: 2316 | DU23: 2350 | DV23: 2257 | DW23: 2384 | DX23: 2376 | DY23: 2238 | DZ23: 2419 | EA23: 2577 | EB23: 2297 | EC23: 2391 | ED23: 2254 | EE23: 2363 | EF23: 2090 | EG23: 2365 | EH23: 2264 | EI23: 2240 | EJ23: 2201 | EK23: 2102 | EL23: 2123 | EM23: 2163 | EN23: 2455 | EO23: 2469 | EP23: 2680 | EQ23: 2520 | ER23: 2674 | ES23: 2644 | ET23: 2719 | EU23: 2228 | EV23: 2478 | EW23: 2769 | EX23: 2517 | EY23: 2513 | EZ23: 2395 | FA23: 2282 | FB23: 2438 | FC23: 2043 | FD23: 2072 | FE23: 2235 | FF23: 2364 | FG23: 2396 | FH23: 2379 | FI23: 2432 | FJ23: 2374 | FK23: 2643 | FL23: 2119 | FM23: 2541 | FN23: 2443 | FO23: 2355 | FP23: 2598 | FQ23: 2398 | FR23: 2484 | FS23: 2478 | FT23: 2568 | FU23: 2636 | FV23: 2743 | FW23: 2467 | FX23: 2669 | FY23: 2295 | FZ23: 2471 | GA23: 2623 | GB23: 2494 | GC23: 2524 | GD23: 2128 | GE23: 2287 | GF23: 2779 | GG23: 2436 | GH23: 2161 | GI23: 2678 | GJ23: 2545 | GK23: 2409 | GL23: 2492 | GM23: 2526 | GN23: 2162 | GO23: 2858 | GP23: 2294 | GQ23: 2383 | GR23: 2386 | GS23: 2376 | GT23: 2519 | GU23: 2139 | GV23: 1813 | GW23: 1911 | GX23: 1974 | GY23: 1797 | GZ23: 1772 | HA23: 1763 | HB23: 1684 | HC23: 1836 | HD23: 1510 | HE23: 1342 | HF23: 1247 | HG23: 1322 | HH23: 1473 | HI23: 1986 | HJ23: 1766 | HK23: 2113 | HL23: 2321 | HM23: 2306 | HN23: 2020 | HO23: 1885 | HP23: 2191 | HQ23: 2772 | HR23: 2630 | HS23: 2488 | HT23: 2324 | HU23: 2442 | HV23: 2438 | HW23: 2517 | HX23: 2534 | HY23: 2452 | HZ23: 3035 | IA23: 2379 | IB23: 2148 | IC23: 2591 | ID23: 2170 | IE23: 2506 | IF23: 2575 | IG23: 2159 | IH23: 2348 | II23: 1950 | IJ23: 1896 | IK23: 2283 | IL23: 2107 | IM23: 2220 | IN23: 2309 | IO23: 2098 | IP23: 2347 | IQ23: 2092 | IR23: 2095 | IS23: 2319 | IT23: 2021 | IU23: 2153 | IV23: 1918 | IW23: 1543 | IX23: 1921 | IY23: 1993 | IZ23: 1915 | JA23: 1834 | JB23: 2127 | JC23: 2368 | JD23: 1765 | JE23: 1843 | JF23: 1756 | JG23: 1883 | JH23: 1558 | JI23: 1754 | JJ23: 1662 | JK23: 1613 | JL23: 1626 | JM23: 1513 | JN23: 1435 | JO23: 1416 | JP23: 1509 | JQ23: 1484 | JR23: 1499 | JS23: 1550 | JT23: 1277 | JU23: 1424 | JV23: 1229 | JW23: 1258 | JX23: 1381 | JY23: 1497 | JZ23: 1442 | KA23: 1094 | KB23: 1294 | KC23: 1293 | KD23: 1352 | KE23: 1491 | KF23: 1438 | KG23: 1346 | KH23: 1339 | KI23: 1259 | KJ23: 1264 | KK23: 1300 | KL23: 1260 | KM23: 1171 | KN23: 1239 | KO23: 1302 | KP23: 1307 | KQ23: 1535 | KR23: 1495 | KS23: 1419 | KT23: 1563 | KU23: 1537 | KV23: 1459 | KW23: 1582 | KX23: 1535 | KY23: 1804 | KZ23: 1621 | LA23: 1344 | LB23: 1547 | LC23: 1734 | LD23: 1497 | LE23: 1709 | LF23: 1957 | LG23: 1546 | LH23: 1651 | LI23: 2127 | LJ23: 1193 | LK23: 1865 | LL23: 1381 | LM23: 1430 | LN23: 1746 | LO23: 1378 | LP23: 1598 | LQ23: 1698 | LR23: 1503 | LS23: 1687 | LT23: 1577 | LU23: 1546 | LV23: 1635 | LW23: 1622 | LX23: 1747 | LY23: 1538 | LZ23: 1551 | MA23: 1318 | MB23: 1308 | MC23: 1520 | MD23: 1441 | ME23: 1644 | MF23: 1596 | MG23: 1574 | MH23: 1644 | MI23: 1441 | MJ23: 1441 | MK23: 1628 | ML23: 1454 | MM23: 1323 | MN23: 1491 | MO23: 1402 | MP23: 1399 | MQ23: 1304 | MR23: 1519 | MS23: 1281 | MT23: 1317 | MU23: 1421 | MV23: 1438 | MW23: 1414 | MX23: 1408 | MY23: 1537 | MZ23: 1448 | NA23: 1455 | NB23: 1425 | NC23: 1486 | ND23: 1401 | NE23: 1446 | NF23: 1720 | NG23: 1466 | NH23: 1676 | NI23: 1526 | NJ23: 1422 | NK23: 1368 | NL23: 1400 | NM23: 1407 | NN23: 1397 | NO23: 1330 | NP23: 1289 | NQ23: 1375 | NR23: 1447 | NS23: 1645 | NT23: 1315 | NU23: 1403 | NV23: 1441 | NW23: 1303 | NX23: 1279 | NY23: 1154 | NZ23: 1127 | OA23: 1277 | OB23: 1318 | OC23: 1142 | OD23: 1184 | OE23: 1018 | OF23: 1238 | OG23: 1035 | OH23: 1136 | OI23: 1162 | OJ23: 1216 | OK23: 1029 | OL23: 1133 | OM23: 1132 | ON23: 997 | OO23: 1082 | OP23: 1040 | OQ23: 1225 | OR23: 860 | OS23: 996 | OT23: 921 | OU23: 984 | OV23: 1085 | OW23: 998 | OX23: 997 | OY23: 888 | OZ23: 920 | PA23: 884 | PB23: 825
A24: Computers and electronic products | B24: A34SNO | C24: 31256 | D24: 31012 | E24: 30873 | F24: 31073 | G24: 30134 | H24: 29813 | I24: 29926 | J24: 28559 | K24: 28163 | L24: 27945 | M24: 27015 | N24: 26863 | O24: 26803 | P24: 26485 | Q24: 26786 | R24: 26639 | S24: 26397 | T24: 25858 | U24: 25733 | V24: 26187 | W24: 26138 | X24: 25946 | Y24: 25550 | Z24: 25716 | AA24: 25755 | AB24: 25580 | AC24: 25551 | AD24: 25253 | AE24: 25269 | AF24: 25247 | AG24: 25104 | AH24: 25258 | AI24: 25527 | AJ24: 25075 | AK24: 25423 | AL24: 25316 | AM24: 25148 | AN24: 24949 | AO24: 24778 | AP24: 24640 | AQ24: 24346 | AR24: 24360 | AS24: 24613 | AT24: 24255 | AU24: 24005 | AV24: 24587 | AW24: 24806 | AX24: 24651 | AY24: 25076 | AZ24: 25449 | BA24: 25470 | BB24: 25024 | BC24: 25136 | BD24: 25011 | BE24: 24866 | BF24: 24829 | BG24: 24951 | BH24: 24000 | BI24: 24365 | BJ24: 23258 | BK24: 23426 | BL24: 23851 | BM24: 23169 | BN24: 23243 | BO24: 23212 | BP24: 23219 | BQ24: 22931 | BR24: 22920 | BS24: 22657 | BT24: 24299 | BU24: 24147 | BV24: 24196 | BW24: 23397 | BX24: 23404 | BY24: 23027 | BZ24: 22760 | CA24: 22651 | CB24: 22584 | CC24: 22648 | CD24: 23006 | CE24: 22796 | CF24: 22570 | CG24: 22350 | CH24: 22529 | CI24: 22922 | CJ24: 23042 | CK24: 23189 | CL24: 23393 | CM24: 23512 | CN24: 23818 | CO24: 23250 | CP24: 23016 | CQ24: 22967 | CR24: 23343 | CS24: 23366 | CT24: 23254 | CU24: 22545 | CV24: 22856 | CW24: 22970 | CX24: 22836 | CY24: 22716 | CZ24: 22440 | DA24: 21747 | DB24: 22026 | DC24: 21876 | DD24: 22126 | DE24: 22767 | DF24: 22295 | DG24: 22577 | DH24: 21779 | DI24: 21789 | DJ24: 21015 | DK24: 21175 | DL24: 21350 | DM24: 20900 | DN24: 21512 | DO24: 21216 | DP24: 21483 | DQ24: 20861 | DR24: 20990 | DS24: 21152 | DT24: 21480 | DU24: 21529 | DV24: 21449 | DW24: 21611 | DX24: 21758 | DY24: 21034 | DZ24: 21206 | EA24: 20876 | EB24: 20673 | EC24: 20171 | ED24: 20245 | EE24: 20347 | EF24: 20580 | EG24: 20745 | EH24: 20746 | EI24: 20140 | EJ24: 20496 | EK24: 21263 | EL24: 19358 | EM24: 19556 | EN24: 20150 | EO24: 19957 | EP24: 20613 | EQ24: 21246 | ER24: 21563 | ES24: 21169 | ET24: 21729 | EU24: 20879 | EV24: 21546 | EW24: 21542 | EX24: 21244 | EY24: 21429 | EZ24: 20495 | FA24: 21850 | FB24: 21399 | FC24: 20874 | FD24: 19973 | FE24: 20996 | FF24: 21549 | FG24: 21858 | FH24: 21394 | FI24: 19648 | FJ24: 20275 | FK24: 20924 | FL24: 22244 | FM24: 21301 | FN24: 21073 | FO24: 20890 | FP24: 20751 | FQ24: 21584 | FR24: 21396 | FS24: 23546 | FT24: 23128 | FU24: 23024 | FV24: 23866 | FW24: 23072 | FX24: 23424 | FY24: 23401 | FZ24: 23904 | GA24: 23688 | GB24: 23767 | GC24: 22682 | GD24: 23336 | GE24: 23217 | GF24: 23190 | GG24: 22813 | GH24: 23634 | GI24: 23892 | GJ24: 23852 | GK24: 23319 | GL24: 21199 | GM24: 23547 | GN24: 22976 | GO24: 22231 | GP24: 21992 | GQ24: 22218 | GR24: 22672 | GS24: 22797 | GT24: 21631 | GU24: 22392 | GV24: 22004 | GW24: 22262 | GX24: 21899 | GY24: 22631 | GZ24: 21340 | HA24: 22050 | HB24: 22222 | HC24: 21614 | HD24: 21268 | HE24: 23032 | HF24: 22732 | HG24: 21324 | HH24: 24007 | HI24: 25442 | HJ24: 23958 | HK24: 26400 | HL24: 26089 | HM24: 25458 | HN24: 27929 | HO24: 27941 | HP24: 27245 | HQ24: 26952 | HR24: 27257 | HS24: 27824 | HT24: 27226 | HU24: 26942 | HV24: 27360 | HW24: 27589 | HX24: 28016 | HY24: 26859 | HZ24: 26272 | IA24: 28272 | IB24: 26997 | IC24: 24998 | ID24: 28525 | IE24: 26084 | IF24: 28059 | IG24: 29456 | IH24: 26844 | II24: 28459 | IJ24: 27522 | IK24: 27889 | IL24: 27806 | IM24: 26587 | IN24: 28248 | IO24: 28871 | IP24: 26526 | IQ24: 25290 | IR24: 25292 | IS24: 25067 | IT24: 24296 | IU24: 24689 | IV24: 26049 | IW24: 23857 | IX24: 26798 | IY24: 24635 | IZ24: 24351 | JA24: 25735 | JB24: 25326 | JC24: 25188 | JD24: 25105 | JE24: 24707 | JF24: 25080 | JG24: 25956 | JH24: 23646 | JI24: 23513 | JJ24: 24662 | JK24: 25327 | JL24: 24683 | JM24: 25899 | JN24: 24571 | JO24: 24374 | JP24: 26323 | JQ24: 24876 | JR24: 26376 | JS24: 25217 | JT24: 24607 | JU24: 23871 | JV24: 23387 | JW24: 24063 | JX24: 23420 | JY24: 22826 | JZ24: 23152 | KA24: 22955 | KB24: 22776 | KC24: 23049 | KD24: 21460 | KE24: 21537 | KF24: 23643 | KG24: 23565 | KH24: 23810 | KI24: 25011 | KJ24: 25393 | KK24: 24249 | KL24: 25330 | KM24: 23957 | KN24: 26986 | KO24: 27061 | KP24: 26377 | KQ24: 26632 | KR24: 27598 | KS24: 27625 | KT24: 29088 | KU24: 28736 | KV24: 27554 | KW24: 30957 | KX24: 33420 | KY24: 33966 | KZ24: 34449 | LA24: 36567 | LB24: 36320 | LC24: 37504 | LD24: 37713 | LE24: 35704 | LF24: 41154 | LG24: 36124 | LH24: 36415 | LI24: 35912 | LJ24: 33171 | LK24: 34317 | LL24: 36855 | LM24: 34822 | LN24: 35455 | LO24: 34873 | LP24: 34023 | LQ24: 34503 | LR24: 32866 | LS24: 32899 | LT24: 32525 | LU24: 32426 | LV24: 31473 | LW24: 30567 | LX24: 32059 | LY24: 31086 | LZ24: 30272 | MA24: 31326 | MB24: 29964 | MC24: 30003 | MD24: 31647 | ME24: 31964 | MF24: 30361 | MG24: 30954 | MH24: 31806 | MI24: 30554 | MJ24: 30405 | MK24: 30060 | ML24: 29844 | MM24: 31135 | MN24: 31387 | MO24: 32570 | MP24: 30873 | MQ24: 29530 | MR24: 29922 | MS24: 29295 | MT24: 30728 | MU24: 28145 | MV24: 25961 | MW24: 29093 | MX24: 29984 | MY24: 25321 | MZ24: 27699 | NA24: 27499 | NB24: 26365 | NC24: 27181 | ND24: 26655 | NE24: 26863 | NF24: 26891 | NG24: 26027 | NH24: 27344 | NI24: 27131 | NJ24: 28407 | NK24: 26606 | NL24: 25700 | NM24: 24896 | NN24: 25141 | NO24: 26720 | NP24: 25903 | NQ24: 24617 | NR24: 23932 | NS24: 24307 | NT24: 23829 | NU24: 23893 | NV24: 24094 | NW24: 23340 | NX24: 22975 | NY24: 23762 | NZ24: 23421 | OA24: 22505 | OB24: 22665 | OC24: 20509 | OD24: 22300 | OE24: 21516 | OF24: 19601 | OG24: 21504 | OH24: 22212 | OI24: 20750 | OJ24: 21352 | OK24: 20734 | OL24: 19770 | OM24: 20495 | ON24: 20516 | OO24: 20413 | OP24: 20113 | OQ24: 20541 | OR24: 21666 | OS24: 21027 | OT24: 19187 | OU24: 20030 | OV24: 19482 | OW24: 19700 | OX24: 19551 | OY24: 20433 | OZ24: 19017 | PA24: 19720 | PB24: 19538
A25: Computers | B25: A34ANO | D25: 1831 | E25: 1813 | F25: 1852 | G25: 1778 | H25: 1762 | I25: 1821 | J25: 1845 | K25: 1796 | L25: 1713 | M25: 1657 | N25: 1609 | O25: 1578 | P25: 1529 | Q25: 1542 | R25: 1540 | S25: 1594 | T25: 1541 | U25: 1548 | V25: 1579 | W25: 1490 | X25: 1352 | Y25: 1320 | Z25: 1349 | AA25: 1435 | AB25: 1365 | AC25: 1429 | AD25: 1359 | AE25: 1351 | AF25: 1378 | AG25: 1313 | AH25: 1379 | AI25: 1323 | AJ25: 1262 | AK25: 1260 | AL25: 1222 | AM25: 1158 | AN25: 1185 | AO25: 1163 | AP25: 1145 | AQ25: 1063 | AR25: 1081 | AS25: 1086 | AT25: 1051 | AU25: 1121 | AV25: 1073 | AW25: 1048 | AX25: 1061 | AY25: 1056 | AZ25: 1036 | BA25: 1083 | BB25: 1036 | BC25: 995 | BD25: 1000 | BE25: 972 | BF25: 961 | BG25: 906 | BH25: 851 | BI25: 878 | BJ25: 850 | BK25: 842 | BL25: 861 | BM25: 876 | BN25: 850 | BO25: 828 | BP25: 817 | BQ25: 866 | BR25: 839 | BS25: 833 | BT25: 867 | BU25: 867 | BV25: 821 | BW25: 832 | BX25: 768 | BY25: 761 | BZ25: 773 | CA25: 750 | CB25: 758 | CC25: 771 | CD25: 774 | CE25: 792 | CF25: 746 | CG25: 723 | CH25: 738 | CI25: 746 | CJ25: 732 | CK25: 753 | CL25: 715 | CM25: 744 | CN25: 756 | CO25: 775 | CP25: 756 | CQ25: 799 | CR25: 867 | CS25: 902 | CT25: 895 | CU25: 931 | CV25: 894 | CW25: 908 | CX25: 777 | CY25: 792 | CZ25: 755 | DA25: 775 | DB25: 720 | DC25: 680 | DD25: 642 | DE25: 663 | DF25: 666 | DG25: 689 | DH25: 702 | DI25: 725 | DJ25: 745 | DK25: 713 | DL25: 774 | DM25: 785 | DN25: 851 | DO25: 853 | DP25: 954 | DQ25: 913 | DR25: 990 | DS25: 933 | DT25: 993 | DU25: 980 | DV25: 970 | DW25: 983 | DX25: 1067 | DY25: 1002 | DZ25: 947 | EA25: 1020 | EB25: 974 | EC25: 1023 | ED25: 997 | EE25: 989 | EF25: 944 | EG25: 978 | EH25: 956 | EI25: 767 | EJ25: 901 | EK25: 959 | EL25: 677 | EM25: 663 | EN25: 638 | EO25: 666 | EP25: 677 | EQ25: 735 | ER25: 732 | ES25: 771 | ET25: 1008 | EU25: 974 | EV25: 790 | EW25: 784 | EX25: 754 | EY25: 641 | EZ25: 750 | FA25: 779 | FB25: 693 | FC25: 699 | FD25: 601 | FE25: 472 | FF25: 511 | FG25: 617 | FH25: 637 | FI25: 709 | FJ25: 826 | FK25: 698 | FL25: 804 | FM25: 1017 | FN25: 822 | FO25: 874 | FP25: 745 | FQ25: 591 | FR25: 895 | FS25: 1034 | FT25: 821 | FU25: 851 | FV25: 809 | FW25: 630 | FX25: 722 | FY25: 861 | FZ25: 958 | GA25: 848 | GB25: 850 | GC25: 807 | GD25: 933 | GE25: 961 | GF25: 987 | GG25: 1000 | GH25: 936 | GI25: 1111 | GJ25: 976 | GK25: 1359 | GL25: 1330 | GM25: 1474 | GN25: 1582 | GO25: 1293 | GP25: 1815 | GQ25: 1870 | GR25: 1959 | GS25: 2417 | GT25: 2050 | GU25: 1886 | GV25: 2910 | GW25: 2929 | GX25: 2722 | GY25: 3388 | GZ25: 2693 | HA25: 2942 | HB25: 3257 | HC25: 3290 | HD25: 2707 | HE25: 3180 | HF25: 3716 | HG25: 3306 | HH25: 3582 | HI25: 3908 | HJ25: 3424 | HK25: 3775 | HL25: 3977 | HM25: 3807 | HN25: 4559 | HO25: 4367 | HP25: 3866 | HQ25: 3987 | HR25: 3905 | HS25: 3602 | HT25: 3800 | HU25: 3878 | HV25: 3484 | HW25: 4013 | HX25: 3840 | HY25: 2899 | HZ25: 3718 | IA25: 3721 | IB25: 3327 | IC25: 3697 | ID25: 3902 | IE25: 3421 | IF25: 3554 | IG25: 3640 | IH25: 2613 | II25: 3662 | IJ25: 3525 | IK25: 3837 | IL25: 3572 | IM25: 3471 | IN25: 3401 | IO25: 3675 | IP25: 3350 | IQ25: 2975 | IR25: 3595 | IS25: 3455 | IT25: 2910 | IU25: 3253 | IV25: 3671 | IW25: 2832 | IX25: 3535 | IY25: 3352 | IZ25: 3657 | JA25: 2868 | JB25: 3522 | JC25: 3055 | JD25: 3482 | JE25: 3617 | JF25: 3504 | JG25: 3718 | JH25: 3088 | JI25: 2937 | JJ25: 3501 | JK25: 3608 | JL25: 2935 | JM25: 3295 | JN25: 3253 | JO25: 3268 | JP25: 3538 | JQ25: 3810 | JR25: 4291 | JS25: 4107 | JT25: 4053 | JU25: 3565 | JV25: 3500 | JW25: 4374 | JX25: 3632 | JY25: 3514 | JZ25: 3580 | KA25: 3650 | KB25: 4314 | KC25: 3807 | KD25: 3648 | KE25: 4019 | KF25: 3982 | KG25: 3506 | KH25: 3775 | KI25: 4441 | KJ25: 3705 | KK25: 4089 | KL25: 4742 | KM25: 3970 | KN25: 3736 | KO25: 4699 | KP25: 4390 | KQ25: 3370 | KR25: 4540 | KS25: 4397 | KT25: 4674 | KU25: 4785 | KV25: 4543 | KW25: 4851 | KX25: 5253 | KY25: 4996 | KZ25: 4809 | LA25: 6056 | LB25: 5633 | LC25: 4814 | LD25: 6767 | LE25: 5173 | LF25: 4982 | LG25: 6899 | LH25: 5496 | LI25: 5407 | LJ25: 5778 | LK25: 5197 | LL25: 5814 | LM25: 6012 | LN25: 5973 | LO25: 5858 | LP25: 6374 | LQ25: 6738 | LR25: 6428 | LS25: 6540 | LT25: 6026 | LU25: 6319 | LV25: 6044 | LW25: 5186 | LX25: 6861 | LY25: 5498 | LZ25: 4864 | MA25: 5688 | MB25: 5176 | MC25: 5287 | MD25: 6178 | ME25: 5646 | MF25: 5520 | MG25: 5609 | MH25: 5829 | MI25: 5497 | MJ25: 5079 | MK25: 5565 | ML25: 5483 | MM25: 5357 | MN25: 5587 | MO25: 5856 | MP25: 4632 | MQ25: 5788 | MR25: 5598 | MS25: 4326 | MT25: 5179 | MU25: 5251 | MV25: 4667 | MW25: 5414 | MX25: 5670 | MY25: 4326 | MZ25: 5167 | NA25: 5238 | NB25: 4873 | NC25: 5315 | ND25: 4907 | NE25: 4713 | NF25: 5132 | NG25: 4521 | NH25: 4344 | NI25: 6382 | NJ25: 5264 | NK25: 4828 | NL25: 4777 | NM25: 3909 | NN25: 4771 | NO25: 5656 | NP25: 5332 | NQ25: 4491 | NR25: 4797 | NS25: 4469 | NT25: 3664 | NU25: 5219 | NV25: 4599 | NW25: 4069 | NX25: 4084 | NY25: 4120 | NZ25: 3815 | OA25: 4390 | OB25: 4222 | OC25: 3464 | OD25: 3746 | OE25: 3411 | OF25: 3190 | OG25: 3808 | OH25: 3514 | OI25: 2929 | OJ25: 3380 | OK25: 3218 | OL25: 2984 | OM25: 3221 | ON25: 3147 | OO25: 2773 | OP25: 3491 | OQ25: 3229 | OR25: 3082 | OS25: 3236 | OT25: 3254 | OU25: 3200 | OV25: 3145 | OW25: 3222 | OX25: 3235 | OY25: 3484 | OZ25: 3272 | PA25: 2784 | PB25: 3055
A26: Nondefense communications equipment | B26: A34DNO | D26: 4997 | E26: 4963 | F26: 4884 | G26: 4850 | H26: 4789 | I26: 4585 | J26: 4356 | K26: 4021 | L26: 4043 | M26: 3746 | N26: 3512 | O26: 3817 | P26: 3548 | Q26: 3681 | R26: 3546 | S26: 3459 | T26: 3390 | U26: 3469 | V26: 3584 | W26: 3403 | X26: 3405 | Y26: 3285 | Z26: 3314 | AA26: 3405 | AB26: 3266 | AC26: 3341 | AD26: 3083 | AE26: 3196 | AF26: 3209 | AG26: 3218 | AH26: 3247 | AI26: 3272 | AJ26: 3230 | AK26: 3403 | AL26: 3346 | AM26: 3375 | AN26: 3210 | AO26: 3180 | AP26: 3266 | AQ26: 3117 | AR26: 3157 | AS26: 3279 | AT26: 3273 | AU26: 3327 | AV26: 3447 | AW26: 3483 | AX26: 3573 | AY26: 3537 | AZ26: 3813 | BA26: 3639 | BB26: 3686 | BC26: 3849 | BD26: 3766 | BE26: 3656 | BF26: 3548 | BG26: 3630 | BH26: 3342 | BI26: 3436 | BJ26: 3067 | BK26: 2789 | BL26: 2995 | BM26: 2910 | BN26: 3022 | BO26: 2777 | BP26: 2699 | BQ26: 2639 | BR26: 2571 | BS26: 2629 | BT26: 2712 | BU26: 2841 | BV26: 2965 | BW26: 2805 | BX26: 2823 | BY26: 2768 | BZ26: 2531 | CA26: 2558 | CB26: 2606 | CC26: 2585 | CD26: 2409 | CE26: 2565 | CF26: 2372 | CG26: 2353 | CH26: 2313 | CI26: 2415 | CJ26: 2421 | CK26: 2550 | CL26: 2590 | CM26: 2584 | CN26: 2584 | CO26: 2645 | CP26: 2476 | CQ26: 2522 | CR26: 2305 | CS26: 2642 | CT26: 2519 | CU26: 2529 | CV26: 2596 | CW26: 2619 | CX26: 2782 | CY26: 2687 | CZ26: 2537 | DA26: 2448 | DB26: 2708 | DC26: 2622 | DD26: 2936 | DE26: 3056 | DF26: 3113 | DG26: 3221 | DH26: 2971 | DI26: 2831 | DJ26: 2732 | DK26: 2802 | DL26: 2989 | DM26: 2788 | DN26: 3038 | DO26: 2868 | DP26: 2689 | DQ26: 2479 | DR26: 2472 | DS26: 2516 | DT26: 2548 | DU26: 2652 | DV26: 2741 | DW26: 2648 | DX26: 2555 | DY26: 2521 | DZ26: 2463 | EA26: 2584 | EB26: 2535 | EC26: 2592 | ED26: 2704 | EE26: 2713 | EF26: 2801 | EG26: 2794 | EH26: 2856 | EI26: 2772 | EJ26: 2875 | EK26: 2995 | EL26: 2794 | EM26: 2878 | EN26: 2553 | EO26: 2341 | EP26: 2299 | EQ26: 2172 | ER26: 2913 | ES26: 2510 | ET26: 2151 | EU26: 2304 | EV26: 2805 | EW26: 3085 | EX26: 2888 | EY26: 3230 | EZ26: 3028 | FA26: 3384 | FB26: 3290 | FC26: 3271 | FD26: 3077 | FE26: 3122 | FF26: 3640 | FG26: 4132 | FH26: 3544 | FI26: 3188 | FJ26: 2816 | FK26: 3915 | FL26: 3365 | FM26: 3146 | FN26: 3325 | FO26: 3251 | FP26: 3145 | FQ26: 3292 | FR26: 3191 | FS26: 3334 | FT26: 3464 | FU26: 3491 | FV26: 3614 | FW26: 3340 | FX26: 3814 | FY26: 3894 | FZ26: 3980 | GA26: 3769 | GB26: 3729 | GC26: 3443 | GD26: 3827 | GE26: 3400 | GF26: 3424 | GG26: 3225 | GH26: 3522 | GI26: 3697 | GJ26: 3379 | GK26: 3428 | GL26: 2778 | GM26: 3165 | GN26: 3788 | GO26: 3155 | GP26: 2894 | GQ26: 2562 | GR26: 3124 | GS26: 2714 | GT26: 2931 | GU26: 3336 | GV26: 3334 | GW26: 3594 | GX26: 3361 | GY26: 3591 | GZ26: 3412 | HA26: 3808 | HB26: 3751 | HC26: 3377 | HD26: 3121 | HE26: 3494 | HF26: 3172 | HG26: 2969 | HH26: 3212 | HI26: 3842 | HJ26: 3219 | HK26: 3397 | HL26: 3747 | HM26: 3738 | HN26: 3348 | HO26: 3962 | HP26: 3909 | HQ26: 4146 | HR26: 4130 | HS26: 4051 | HT26: 4863 | HU26: 4163 | HV26: 4349 | HW26: 5233 | HX26: 4475 | HY26: 4736 | HZ26: 4633 | IA26: 5672 | IB26: 5089 | IC26: 4609 | ID26: 5110 | IE26: 4853 | IF26: 5276 | IG26: 5235 | IH26: 5173 | II26: 6014 | IJ26: 5478 | IK26: 4933 | IL26: 5581 | IM26: 5137 | IN26: 4881 | IO26: 6074 | IP26: 5589 | IQ26: 5177 | IR26: 4375 | IS26: 4625 | IT26: 4675 | IU26: 3794 | IV26: 4487 | IW26: 4634 | IX26: 4599 | IY26: 4271 | IZ26: 3845 | JA26: 4600 | JB26: 4502 | JC26: 4991 | JD26: 4290 | JE26: 4510 | JF26: 4235 | JG26: 4172 | JH26: 4448 | JI26: 4113 | JJ26: 4046 | JK26: 4586 | JL26: 4981 | JM26: 4715 | JN26: 4596 | JO26: 4111 | JP26: 4389 | JQ26: 4672 | JR26: 5486 | JS26: 5424 | JT26: 4801 | JU26: 4926 | JV26: 4412 | JW26: 4394 | JX26: 4766 | JY26: 5220 | JZ26: 4698 | KA26: 4721 | KB26: 4046 | KC26: 4519 | KD26: 3560 | KE26: 2601 | KF26: 4436 | KG26: 4503 | KH26: 4602 | KI26: 4706 | KJ26: 5054 | KK26: 4148 | KL26: 5084 | KM26: 4367 | KN26: 6729 | KO26: 5939 | KP26: 6164 | KQ26: 5614 | KR26: 6905 | KS26: 7182 | KT26: 7412 | KU26: 7644 | KV26: 7328 | KW26: 8243 | KX26: 8674 | KY26: 9164 | KZ26: 10101 | LA26: 9989 | LB26: 10134 | LC26: 11069 | LD26: 10010 | LE26: 10156 | LF26: 13984 | LG26: 9357 | LH26: 10575 | LI26: 9749 | LJ26: 8115 | LK26: 9753 | LL26: 12070 | LM26: 10326 | LN26: 9067 | LO26: 9901 | LP26: 8676 | LQ26: 9050 | LR26: 8511 | LS26: 7801 | LT26: 7775 | LU26: 7999 | LV26: 7824 | LW26: 7373 | LX26: 7667 | LY26: 7591 | LZ26: 7387 | MA26: 7351 | MB26: 7103 | MC26: 6214 | MD26: 7301 | ME26: 8375 | MF26: 6499 | MG26: 7485 | MH26: 7835 | MI26: 7319 | MJ26: 7225 | MK26: 6680 | ML26: 6177 | MM26: 8082 | MN26: 7472 | MO26: 7132 | MP26: 7616 | MQ26: 6660 | MR26: 6553 | MS26: 6136 | MT26: 6644 | MU26: 5547 | MV26: 3018 | MW26: 5652 | MX26: 6798 | MY26: 3689 | MZ26: 5437 | NA26: 5740 | NB26: 4459 | NC26: 4478 | ND26: 4905 | NE26: 5088 | NF26: 4813 | NG26: 5072 | NH26: 5150 | NI26: 4358 | NJ26: 5947 | NK26: 4907 | NL26: 4402 | NM26: 4920 | NN26: 4256 | NO26: 5040 | NP26: 4616 | NQ26: 4729 | NR26: 3750 | NS26: 4605 | NT26: 4734 | NU26: 4187 | NV26: 3698 | NW26: 4130 | NX26: 3843 | NY26: 3734 | NZ26: 3958 | OA26: 3648 | OB26: 4037 | OC26: 3744 | OD26: 4213 | OE26: 3419 | OF26: 3495 | OG26: 3760 | OH26: 3679 | OI26: 3525 | OJ26: 3643 | OK26: 3318 | OL26: 3389 | OM26: 3101 | ON26: 3142 | OO26: 2644 | OP26: 2693 | OQ26: 2961 | OR26: 3155 | OS26: 3262 | OT26: 2663 | OU26: 2861 | OV26: 2979 | OW26: 3157 | OX26: 2914 | OY26: 2980 | OZ26: 2594 | PA26: 2910 | PB26: 2743
A27: Defense communications equipment | B27: A34ENO | D27: 254 | E27: 274 | F27: 256 | G27: 238 | H27: 234 | I27: 223 | J27: 216 | K27: 233 | L27: 226 | M27: 221 | N27: 209 | O27: 202 | P27: 213 | Q27: 214 | R27: 229 | S27: 224 | T27: 224 | U27: 241 | V27: 217 | W27: 212 | X27: 182 | Y27: 211 | Z27: 224 | AA27: 213 | AB27: 214 | AC27: 212 | AD27: 216 | AE27: 221 | AF27: 229 | AG27: 211 | AH27: 215 | AI27: 229 | AJ27: 227 | AK27: 231 | AL27: 234 | AM27: 222 | AN27: 227 | AO27: 244 | AP27: 224 | AQ27: 232 | AR27: 232 | AS27: 218 | AT27: 230 | AU27: 225 | AV27: 229 | AW27: 229 | AX27: 219 | AY27: 234 | AZ27: 231 | BA27: 225 | BB27: 228 | BC27: 218 | BD27: 216 | BE27: 216 | BF27: 214 | BG27: 215 | BH27: 217 | BI27: 190 | BJ27: 185 | BK27: 217 | BL27: 171 | BM27: 185 | BN27: 114 | BO27: 166 | BP27: 171 | BQ27: 174 | BR27: 179 | BS27: 153 | BT27: 234 | BU27: 229 | BV27: 176 | BW27: 176 | BX27: 173 | BY27: 180 | BZ27: 162 | CA27: 169 | CB27: 178 | CC27: 119 | CD27: 186 | CE27: 176 | CF27: 276 | CG27: 128 | CH27: 122 | CI27: 165 | CJ27: 170 | CK27: 160 | CL27: 182 | CM27: 141 | CN27: 190 | CO27: 239 | CP27: 200 | CQ27: 172 | CR27: 178 | CS27: 241 | CT27: 247 | CU27: 222 | CV27: 245 | CW27: 234 | CX27: 232 | CY27: 246 | CZ27: 201 | DA27: 207 | DB27: 212 | DC27: 206 | DD27: 206 | DE27: 231 | DF27: 270 | DG27: 226 | DH27: 223 | DI27: 230 | DJ27: 268 | DK27: 260 | DL27: 250 | DM27: 259 | DN27: 215 | DO27: 203 | DP27: 220 | DQ27: 214 | DR27: 200 | DS27: 239 | DT27: 219 | DU27: 242 | DV27: 248 | DW27: 230 | DX27: 222 | DY27: 248 | DZ27: 240 | EA27: 232 | EB27: 289 | EC27: 204 | ED27: 284 | EE27: 233 | EF27: 255 | EG27: 247 | EH27: 209 | EI27: 256 | EJ27: 268 | EK27: 287 | EL27: 328 | EM27: 308 | EN27: 247 | EO27: 248 | EP27: 210 | EQ27: 262 | ER27: 292 | ES27: 255 | ET27: 197 | EU27: 256 | EV27: 300 | EW27: 205 | EX27: 207 | EY27: 238 | EZ27: 324 | FA27: 262 | FB27: 282 | FC27: 246 | FD27: 233 | FE27: 304 | FF27: 332 | FG27: 242 | FH27: 295 | FI27: 183 | FJ27: 349 | FK27: 243 | FL27: 586 | FM27: 358 | FN27: 456 | FO27: 359 | FP27: 301 | FQ27: 326 | FR27: 281 | FS27: 537 | FT27: 138 | FU27: 649 | FV27: 318 | FW27: 242 | FX27: 545 | FY27: 542 | FZ27: 629 | GA27: 592 | GB27: 643 | GC27: 612 | GD27: 703 | GE27: 602 | GF27: 576 | GG27: 506 | GH27: 606 | GI27: 705 | GJ27: 706 | GK27: 431 | GL27: 490 | GM27: 584 | GN27: 413 | GO27: 360 | GP27: 347 | GQ27: 631 | GR27: 471 | GS27: 680 | GT27: 529 | GU27: 523 | GV27: 410 | GW27: 478 | GX27: 559 | GY27: 540 | GZ27: 582 | HA27: 382 | HB27: 426 | HC27: 645 | HD27: 787 | HE27: 507 | HF27: 736 | HG27: 861 | HH27: 663 | HI27: 510 | HJ27: 546 | HK27: 487 | HL27: 405 | HM27: 62 | HN27: 887 | HO27: 625 | HP27: 576 | HQ27: 598 | HR27: 539 | HS27: 471 | HT27: 425 | HU27: 502 | HV27: 354 | HW27: 456 | HX27: 546 | HY27: 879 | HZ27: 505 | IA27: 396 | IB27: 449 | IC27: 549 | ID27: 486 | IE27: 460 | IF27: 655 | IG27: 577 | IH27: 362 | II27: 359 | IJ27: 422 | IK27: 638 | IL27: 520 | IM27: 547 | IN27: 637 | IO27: 663 | IP27: 266 | IQ27: 387 | IR27: 262 | IS27: 72 | IT27: 161 | IU27: 335 | IV27: 394 | IW27: 235 | IX27: 644 | IY27: 453 | IZ27: 390 | JA27: 703 | JB27: 372 | JC27: 319 | JD27: 798 | JE27: 197 | JF27: 1996 | JG27: 1800 | JH27: 287 | JI27: 328 | JJ27: 384 | JK27: 403 | JL27: 362 | JM27: 318 | JN27: 392 | JO27: 470 | JP27: 316 | JQ27: 335 | JR27: 334 | JS27: 262 | JT27: 312 | JU27: 307 | JV27: 307 | JW27: 388 | JX27: 387 | JY27: 332 | JZ27: 373 | KA27: 327 | KB27: 226 | KC27: 206 | KD27: 285 | KE27: 231 | KF27: 242 | KG27: 270 | KH27: 365 | KI27: 280 | KJ27: 309 | KK27: 304 | KL27: 300 | KM27: 238 | KN27: 423 | KO27: 234 | KP27: 229 | KQ27: 254 | KR27: 191 | KS27: 288 | KT27: 235 | KU27: 282 | KV27: 381 | KW27: 239 | KX27: 279 | KY27: 307 | KZ27: 275 | LA27: 373 | LB27: 322 | LC27: 365 | LD27: 325 | LE27: 252 | LF27: 297 | LG27: 285 | LH27: 215 | LI27: 256 | LJ27: 425 | LK27: 209 | LL27: 160 | LM27: 494 | LN27: 1259 | LO27: 197 | LP27: 219 | LQ27: 224 | LR27: 195 | LS27: 216 | LT27: 164 | LU27: 181 | LV27: 190 | LW27: 224 | LX27: 137 | LY27: 324 | LZ27: 236 | MA27: 205 | MB27: 242 | MC27: 259 | MD27: 213 | ME27: 262 | MF27: 305 | MG27: 315 | MH27: 267 | MI27: 214 | MJ27: 273 | MK27: 237 | ML27: 267 | MM27: 378 | MN27: 376 | MO27: 266 | MP27: 431 | MQ27: 295 | MR27: 228 | MS27: 263 | MT27: 354 | MU27: 251 | MV27: 380 | MW27: 365 | MX27: 264 | MY27: 242 | MZ27: 328 | NA27: 275 | NB27: 393 | NC27: 264 | ND27: 330 | NE27: 365 | NF27: 334 | NG27: 404 | NH27: 522 | NI27: 279 | NJ27: 562 | NK27: 311 | NL27: 337 | NM27: 420 | NN27: 297 | NO27: 337 | NP27: 426 | NQ27: 436 | NR27: 268 | NS27: 302 | NT27: 342 | NU27: 331 | NV27: 361 | NW27: 331 | NX27: 348 | NY27: 415 | NZ27: 389 | OA27: 361 | OB27: 399 | OC27: 254 | OD27: 374 | OE27: 382 | OF27: 268 | OG27: 401 | OH27: 359 | OI27: 379 | OJ27: 466 | OK27: 392 | OL27: 405 | OM27: 506 | ON27: 442 | OO27: 449 | OP27: 474 | OQ27: 497 | OR27: 464 | OS27: 632 | OT27: 443 | OU27: 479 | OV27: 561 | OW27: 541 | OX27: 616 | OY27: 507 | OZ27: 552 | PA27: 624 | PB27: 543
A28: Electronic components | B28: A34HNO | D28: 5769 | E28: 5711 | F28: 5668 | G28: 5579 | H28: 5405 | I28: 5406 | J28: 5348 | K28: 5382 | L28: 5293 | M28: 5288 | N28: 5264 | O28: 5132 | P28: 5158 | Q28: 5202 | R28: 5192 | S28: 5148 | T28: 4978 | U28: 5147 | V28: 4927 | W28: 4856 | X28: 4900 | Y28: 4923 | Z28: 4838 | AA28: 4799 | AB28: 4810 | AC28: 4820 | AD28: 4849 | AE28: 4827 | AF28: 4742 | AG28: 4777 | AH28: 4817 | AI28: 4924 | AJ28: 4761 | AK28: 4731 | AL28: 4739 | AM28: 4835 | AN28: 4663 | AO28: 4140 | AP28: 4264 | AQ28: 4287 | AR28: 4123 | AS28: 4219 | AT28: 4336 | AU28: 4216 | AV28: 4367 | AW28: 4346 | AX28: 4412 | AY28: 4534 | AZ28: 4677 | BA28: 4786 | BB28: 4488 | BC28: 4570 | BD28: 4658 | BE28: 4831 | BF28: 4775 | BG28: 4835 | BH28: 4721 | BI28: 4786 | BJ28: 4798 | BK28: 4781 | BL28: 4896 | BM28: 4600 | BN28: 4710 | BO28: 4693 | BP28: 4801 | BQ28: 4592 | BR28: 4413 | BS28: 4389 | BT28: 4354 | BU28: 4296 | BV28: 4262 | BW28: 4079 | BX28: 4054 | BY28: 3937 | BZ28: 3888 | CA28: 3851 | CB28: 4017 | CC28: 3913 | CD28: 4051 | CE28: 4041 | CF28: 3831 | CG28: 4129 | CH28: 4050 | CI28: 4135 | CJ28: 4194 | CK28: 4032 | CL28: 4160 | CM28: 4035 | CN28: 4014 | CO28: 3988 | CP28: 4172 | CQ28: 4242 | CR28: 4287 | CS28: 4362 | CT28: 4186 | CU28: 4127 | CV28: 4119 | CW28: 4201 | CX28: 4306 | CY28: 4241 | CZ28: 4147 | DA28: 4044 | DB28: 4310 | DC28: 4193 | DD28: 4143 | DE28: 4043 | DF28: 4060 | DG28: 3990 | DH28: 3938 | DI28: 3798 | DJ28: 3640 | DK28: 3683 | DL28: 3636 | DM28: 3569 | DN28: 3600 | DO28: 3497 | DP28: 3442 | DQ28: 3346 | DR28: 3377 | DS28: 3491 | DT28: 3453 | DU28: 3536 | DV28: 3363 | DW28: 3477 | DX28: 3384 | DY28: 3425 | DZ28: 3329 | EA28: 3362 | EB28: 3443 | EC28: 3444 | ED28: 3566 | EE28: 3543 | EF28: 3654 | EG28: 3821 | EH28: 3874 | EI28: 3642 | EJ28: 3769 | EK28: 3602 | EL28: 3509 | EM28: 3447 | EN28: 3216 | EO28: 3105 | EP28: 3396 | EQ28: 3522 | ER28: 3527 | ES28: 3575 | ET28: 3607 | EU28: 3417 | EV28: 3426 | EW28: 3417 | EX28: 3576 | EY28: 3449 | EZ28: 3541 | FA28: 3659 | FB28: 3732 | FC28: 3382 | FD28: 3325 | FE28: 3717 | FF28: 3480 | FG28: 3521 | FH28: 3675 | FI28: 3490 | FJ28: 3528 | FK28: 3698 | FL28: 3558 | FM28: 3378 | FN28: 3362 | FO28: 3306 | FP28: 3291 | FQ28: 3133 | FR28: 3258 | FS28: 3511 | FT28: 3321 | FU28: 3504 | FV28: 3556 | FW28: 3390 | FX28: 3612 | FY28: 3595 | FZ28: 3645 | GA28: 3619 | GB28: 3629 | GC28: 3405 | GD28: 3473 | GE28: 3661 | GF28: 3812 | GG28: 3641 | GH28: 3456 | GI28: 3508 | GJ28: 3737 | GK28: 3681 | GL28: 3642 | GM28: 3480 | GN28: 3566 | GO28: 3522 | GP28: 3515 | GQ28: 3563 | GR28: 3629 | GS28: 3500 | GT28: 3586 | GU28: 3573 | GV28: 3257 | GW28: 3338 | GX28: 2967 | GY28: 3261 | GZ28: 3021 | HA28: 3057 | HB28: 3077 | HC28: 2756 | HD28: 2855 | HE28: 3040 | HF28: 2807 | HG28: 2969 | HH28: 3354 | HI28: 3400 | HJ28: 3556 | HK28: 4238 | HL28: 4068 | HM28: 3737 | HN28: 4395 | HO28: 4155 | HP28: 4187 | HQ28: 4550 | HR28: 4293 | HS28: 4359 | HT28: 3981 | HU28: 4251 | HV28: 4433 | HW28: 4047 | HX28: 4346 | HY28: 4304 | HZ28: 4022 | IA28: 4252 | IB28: 4136 | IC28: 4043 | ID28: 4424 | IE28: 4305 | IF28: 4284 | IG28: 3931 | IH28: 4267 | II28: 4208 | IJ28: 3740 | IK28: 4204 | IL28: 4058 | IM28: 3863 | IN28: 4394 | IO28: 4081 | IP28: 3724 | IQ28: 3603 | IR28: 3988 | IS28: 3750 | IT28: 3743 | IU28: 3747 | IV28: 3861 | IW28: 3279 | IX28: 3660 | IY28: 3682 | IZ28: 3586 | JA28: 3847 | JB28: 3888 | JC28: 3810 | JD28: 3793 | JE28: 3620 | JF28: 3002 | JG28: 3379 | JH28: 3688 | JI28: 3263 | JJ28: 3822 | JK28: 4012 | JL28: 3875 | JM28: 3779 | JN28: 4031 | JO28: 4038 | JP28: 4084 | JQ28: 4424 | JR28: 4290 | JS28: 4001 | JT28: 3830 | JU28: 3622 | JV28: 3685 | JW28: 3847 | JX28: 3042 | JY28: 3205 | JZ28: 3627 | KA28: 3439 | KB28: 3613 | KC28: 3604 | KD28: 3868 | KE28: 2830 | KF28: 3647 | KG28: 4126 | KH28: 4035 | KI28: 3829 | KJ28: 4499 | KK28: 4470 | KL28: 3885 | KM28: 4043 | KN28: 4135 | KO28: 4410 | KP28: 4237 | KQ28: 4096 | KR28: 4110 | KS28: 4175 | KT28: 5158 | KU28: 4296 | KV28: 3683 | KW28: 4239 | KX28: 5421 | KY28: 6549 | KZ28: 6402 | LA28: 6344 | LB28: 5876 | LC28: 7378 | LD28: 7195 | LE28: 7030 | LF28: 6665 | LG28: 7129 | LH28: 7820 | LI28: 7050 | LJ28: 6747 | LK28: 6504 | LL28: 6136 | LM28: 6185 | LN28: 6950 | LO28: 6204 | LP28: 6013 | LQ28: 5781 | LR28: 5660 | LS28: 5218 | LT28: 5018 | LU28: 5289 | LV28: 4951 | LW28: 4907 | LX28: 5390 | LY28: 4805 | LZ28: 4926 | MA28: 4820 | MB28: 4629 | MC28: 4960 | MD28: 4913 | ME28: 4498 | MF28: 4813 | MG28: 4825 | MH28: 4654 | MI28: 4738 | MJ28: 5190 | MK28: 4731 | ML28: 4848 | MM28: 5070 | MN28: 5218 | MO28: 4876 | MP28: 5394 | MQ28: 5231 | MR28: 5104 | MS28: 5839 | MT28: 5234 | MU28: 4898 | MV28: 5055 | MW28: 5507 | MX28: 5254 | MY28: 5188 | MZ28: 5140 | NA28: 5180 | NB28: 5149 | NC28: 5170 | ND28: 5129 | NE28: 5007 | NF28: 4882 | NG28: 5129 | NH28: 5233 | NI28: 5138 | NJ28: 5215 | NK28: 5467 | NL28: 4745 | NM28: 5159 | NN28: 4895 | NO28: 4969 | NP28: 4685 | NQ28: 4516 | NR28: 4815 | NS28: 4681 | NT28: 4811 | NU28: 4748 | NV28: 4731 | NW28: 4488 | NX28: 4515 | NY28: 4557 | NZ28: 4402 | OA28: 4477 | OB28: 4593 | OC28: 4458 | OD28: 4513 | OE28: 4373 | OF28: 3980 | OG28: 4048 | OH28: 4352 | OI28: 4125 | OJ28: 4105 | OK28: 4113 | OL28: 4081 | OM28: 4043 | ON28: 4014 | OO28: 4419 | OP28: 4136 | OQ28: 3687 | OR28: 4484 | OS28: 4168 | OT28: 3741 | OU28: 3850 | OV28: 3962 | OW28: 3690 | OX28: 3814 | OY28: 3735 | OZ28: 3745 | PA28: 3711 | PB28: 3411
A29: Nondefense search and navigation equipment | B29: A34INO | D29: 1788 | E29: 1784 | F29: 1788 | G29: 1869 | H29: 1805 | I29: 1763 | J29: 1799 | K29: 1735 | L29: 1770 | M29: 1794 | N29: 1748 | O29: 1737 | P29: 1700 | Q29: 1728 | R29: 1668 | S29: 1734 | T29: 1673 | U29: 1612 | V29: 1766 | W29: 1701 | X29: 1898 | Y29: 1729 | Z29: 1686 | AA29: 1745 | AB29: 1763 | AC29: 1707 | AD29: 1695 | AE29: 1705 | AF29: 1606 | AG29: 1589 | AH29: 1554 | AI29: 1560 | AJ29: 1761 | AK29: 1611 | AL29: 1564 | AM29: 1631 | AN29: 1592 | AO29: 1582 | AP29: 1581 | AQ29: 1612 | AR29: 1628 | AS29: 1641 | AT29: 1584 | AU29: 1589 | AV29: 1687 | AW29: 1619 | AX29: 1520 | AY29: 1537 | AZ29: 1589 | BA29: 1610 | BB29: 1594 | BC29: 1568 | BD29: 1592 | BE29: 1661 | BF29: 1714 | BG29: 1726 | BH29: 1326 | BI29: 1387 | BJ29: 1417 | BK29: 1411 | BL29: 1432 | BM29: 1453 | BN29: 1424 | BO29: 1430 | BP29: 1445 | BQ29: 1411 | BR29: 1439 | BS29: 1486 | BT29: 2251 | BU29: 2239 | BV29: 2251 | BW29: 2114 | BX29: 2181 | BY29: 2147 | BZ29: 2199 | CA29: 2130 | CB29: 2034 | CC29: 2163 | CD29: 2099 | CE29: 2107 | CF29: 1732 | CG29: 1758 | CH29: 1842 | CI29: 1781 | CJ29: 1717 | CK29: 1789 | CL29: 1705 | CM29: 1748 | CN29: 1820 | CO29: 1778 | CP29: 1730 | CQ29: 1776 | CR29: 1679 | CS29: 1569 | CT29: 1740 | CU29: 1602 | CV29: 1614 | CW29: 1619 | CX29: 1595 | CY29: 1695 | CZ29: 1614 | DA29: 1599 | DB29: 1574 | DC29: 1660 | DD29: 1649 | DE29: 1798 | DF29: 1561 | DG29: 1702 | DH29: 1622 | DI29: 1737 | DJ29: 1493 | DK29: 1611 | DL29: 1612 | DM29: 1577 | DN29: 1616 | DO29: 1624 | DP29: 1797 | DQ29: 1640 | DR29: 1616 | DS29: 1658 | DT29: 1628 | DU29: 1657 | DV29: 1606 | DW29: 1514 | DX29: 1498 | DY29: 1521 | DZ29: 1541 | EA29: 1525 | EB29: 1405 | EC29: 1442 | ED29: 1436 | EE29: 1414 | EF29: 1473 | EG29: 1389 | EH29: 1335 | EI29: 1366 | EJ29: 1325 | EK29: 1478 | EL29: 1323 | EM29: 1227 | EN29: 1262 | EO29: 1224 | EP29: 1382 | EQ29: 1479 | ER29: 1374 | ES29: 1379 | ET29: 1498 | EU29: 1359 | EV29: 1311 | EW29: 1326 | EX29: 1382 | EY29: 1293 | EZ29: 1027 | FA29: 1060 | FB29: 1139 | FC29: 1092 | FD29: 1173 | FE29: 1229 | FF29: 1077 | FG29: 1113 | FH29: 1184 | FI29: 1045 | FJ29: 1159 | FK29: 1185 | FL29: 1366 | FM29: 1284 | FN29: 1413 | FO29: 1474 | FP29: 1418 | FQ29: 1389 | FR29: 1479 | FS29: 1576 | FT29: 1696 | FU29: 1568 | FV29: 1543 | FW29: 1435 | FX29: 1557 | FY29: 1636 | FZ29: 1403 | GA29: 1591 | GB29: 1422 | GC29: 1382 | GD29: 1559 | GE29: 1500 | GF29: 1408 | GG29: 1102 | GH29: 1569 | GI29: 1451 | GJ29: 1197 | GK29: 1181 | GL29: 1072 | GM29: 1040 | GN29: 1065 | GO29: 1157 | GP29: 1074 | GQ29: 1024 | GR29: 1035 | GS29: 1180 | GT29: 1157 | GU29: 1017 | GV29: 1064 | GW29: 906 | GX29: 942 | GY29: 771 | GZ29: 772 | HA29: 784 | HB29: 850 | HC29: 956 | HD29: 957 | HE29: 1231 | HF29: 757 | HG29: 774 | HH29: 1372 | HI29: 1993 | HJ29: 1137 | HK29: 1174 | HL29: 1398 | HM29: 1331 | HN29: 1740 | HO29: 1287 | HP29: 1250 | HQ29: 844 | HR29: 1199 | HS29: 1419 | HT29: 1131 | HU29: 1118 | HV29: 1207 | HW29: 1518 | HX29: 1348 | HY29: 1090 | HZ29: 934 | IA29: 1251 | IB29: 1073 | IC29: 1160 | ID29: 906 | IE29: 1284 | IF29: 173 | IG29: 2186 | IH29: 951 | II29: 982 | IJ29: 965 | IK29: 1210 | IL29: 905 | IM29: 835 | IN29: 1129 | IO29: 1195 | IP29: 1328 | IQ29: 856 | IR29: 874 | IS29: 823 | IT29: 868 | IU29: 953 | IV29: 922 | IW29: 837 | IX29: 983 | IY29: 848 | IZ29: 875 | JA29: 928 | JB29: 906 | JC29: 1047 | JD29: 1151 | JE29: 913 | JF29: 820 | JG29: 1046 | JH29: 949 | JI29: 917 | JJ29: 904 | JK29: 944 | JL29: 888 | JM29: 853 | JN29: 879 | JO29: 915 | JP29: 869 | JQ29: 807 | JR29: 415 | JS29: 625 | JT29: 693 | JU29: 734 | JV29: 742 | JW29: 954 | JX29: 691 | JY29: 665 | JZ29: 535 | KA29: 701 | KB29: 717 | KC29: 778 | KD29: 875 | KE29: 704 | KF29: 710 | KG29: 686 | KH29: 748 | KI29: 707 | KJ29: 764 | KK29: 786 | KL29: 860 | KM29: 692 | KN29: 734 | KO29: 731 | KP29: 743 | KQ29: 825 | KR29: 897 | KS29: 926 | KT29: 882 | KU29: 837 | KV29: 850 | KW29: 815 | KX29: 1050 | KY29: 631 | KZ29: 843 | LA29: 887 | LB29: 963 | LC29: 907 | LD29: 770 | LE29: 773 | LF29: 962 | LG29: 891 | LH29: 750 | LI29: 1090 | LJ29: 620 | LK29: 731 | LL29: 911 | LM29: 773 | LN29: 755 | LO29: 780 | LP29: 832 | LQ29: 850 | LR29: 787 | LS29: 929 | LT29: 981 | LU29: 782 | LV29: 783 | LW29: 798 | LX29: 568 | LY29: 673 | LZ29: 653 | MA29: 820 | MB29: 800 | MC29: 769 | MD29: 1130 | ME29: 790 | MF29: 783 | MG29: 814 | MH29: 714 | MI29: 743 | MJ29: 725 | MK29: 1038 | ML29: 909 | MM29: 921 | MN29: 953 | MO29: 2727 | MP29: 786 | MQ29: 772 | MR29: 788 | MS29: 1002 | MT29: 1680 | MU29: 756 | MV29: 849 | MW29: 796 | MX29: 811 | MY29: 792 | MZ29: 535 | NA29: 469 | NB29: 658 | NC29: 766 | ND29: 932 | NE29: 628 | NF29: 875 | NG29: 755 | NH29: 1298 | NI29: 784 | NJ29: 712 | NK29: 870 | NL29: 774 | NM29: 730 | NN29: 990 | NO29: 803 | NP29: 893 | NQ29: 825 | NR29: 714 | NS29: 721 | NT29: 645 | NU29: 581 | NV29: 799 | NW29: 821 | NX29: 971 | NY29: 1123 | NZ29: 1528 | OA29: 664 | OB29: 534 | OC29: 429 | OD29: 575 | OE29: 663 | OF29: 758 | OG29: 812 | OH29: 621 | OI29: 672 | OJ29: 579 | OK29: 694 | OL29: 597 | OM29: 738 | ON29: 830 | OO29: 982 | OP29: 898 | OQ29: 830 | OR29: 1297 | OS29: 806 | OT29: 704 | OU29: 1237 | OV29: 744 | OW29: 760 | OX29: 566 | OY29: 986 | OZ29: 734 | PA29: 717 | PB29: 902
